Specimen_Number,Preservation,Order,Family,Genus,Species,Sex,thorax_length,thorax_width,thorax_depth,left_forewing_length,left_forewing_width,left_hindwing_length,left_hindwing_width,right_forewing_length,right_forewing_width,right_hindwing_length,right_hindwing_width
989509,Dry - mounted,Odonata,Aeshnidae,Aeshna,Aeshna caerulea,f,11.4,7.2,8.7,43.9,11.1,43.1,13.8,44.5,11.1,43.8,12.8
989500,Dry - mounted,Odonata,Aeshnidae,Aeshna,Aeshna caerulea,m,11.2,7.2,9.8,43.7,10.2,42.6,13.4,43.6,10.3,42.8,13.7
989499,Dry - mounted,Odonata,Aeshnidae,Aeshna,Aeshna caerulea,m,11.8,7.7,8.6,43.5,10,40.7,13.2,43.4,10,41.3,13.5
989498,Dry - mounted,Odonata,Aeshnidae,Aeshna,Aeshna caerulea,m,11.3,7.4,8.9,43.2,10.6,40.6,13.6,43.5,10.8,40.6,13.6
989508,Dry - mounted,Odonata,Aeshnidae,Aeshna,Aeshna caerulea,f,10.6,7.3,9.5,42.6,10.5,42,13.5,42.5,11,42.1,13.8
989501,Dry - mounted,Odonata,Aeshnidae,Aeshna,Aeshna caerulea,m,11.7,7.4,8.4,42.6,10.2,41.1,13.4,43.1,10,41,13.2
989510,Dry - mounted,Odonata,Aeshnidae,Aeshna,Aeshna caerulea,f,9.9,7.4,9.3,42.4,10.9,40.9,13.8,42.2,10.8,41.2,13.8
989503,Dry - mounted,Odonata,Aeshnidae,Aeshna,Aeshna caerulea,m,10.1,7.6,8.1,42.3,10.3,41.9,13.7,42.2,11.3,41.3,13.6
989511,Dry - mounted,Odonata,Aeshnidae,Aeshna,Aeshna caerulea,f,10,7.4,8.6,42,10.4,40.4,12.9,41.8,10.2,40,13
989497,Dry - mounted,Odonata,Aeshnidae,Aeshna,Aeshna caerulea,m,11.7,7.5,9.9,42,9.9,40.6,12.4,42.3,9.7,40.7,12.6
989507,Dry - mounted,Odonata,Aeshnidae,Aeshna,Aeshna caerulea,f,9.9,6.8,9.3,41.3,10.3,41.1,13.3,41.2,10.1,41,12.6
989504,Dry - mounted,Odonata,Aeshnidae,Aeshna,Aeshna caerulea,m,11.9,7.1,9.2,41.1,10.3,40.3,12.6,21.9,10.3,40.3,13.1
989502,Dry - mounted,Odonata,Aeshnidae,Aeshna,Aeshna caerulea,m,10.3,7.4,8.5,41.1,10,40.7,13.1,41.6,10,40,13.1
989506,Dry - mounted,Odonata,Aeshnidae,Aeshna,Aeshna caerulea,f,11.2,7.8,10.4,40.8,9.9,39.4,13,40.2,9.7,39.5,13.1
989505,Dry - mounted,Odonata,Aeshnidae,Aeshna,Aeshna caerulea,f,10.3,7.4,8.1,40.7,10.1,40.7,13.2,40.7,9.8,40.3,12.7
989495,Dry - mounted,Odonata,Aeshnidae,Aeshna,Aeshna cyanea,f,11.4,8.2,11.2,54.2,12.7,52.2,15.8,53.7,12.4,51.1,16.1
989492,Dry - mounted,Odonata,Aeshnidae,Aeshna,Aeshna cyanea,f,12.4,8.2,10.4,52.3,11.8,52.1,14.7,52.7,11.8,52.1,14.8
989494,Dry - mounted,Odonata,Aeshnidae,Aeshna,Aeshna cyanea,f,12.3,7.9,10.2,51.9,13.3,50.9,15.1,51.4,12.8,51.3,14.9
989482,Dry - mounted,Odonata,Aeshnidae,Aeshna,Aeshna cyanea,m,11.2,8,9.9,51.9,12.1,50.1,15.1,52.3,11.9,50.1,15.4
989489,Dry - mounted,Odonata,Aeshnidae,Aeshna,Aeshna cyanea,f,12.4,8,10.8,51.8,12.1,51.1,15.6,51.6,12.1,50.9,15.5
989493,Dry - mounted,Odonata,Aeshnidae,Aeshna,Aeshna cyanea,f,12.1,8.4,10.4,51.2,11.9,50.2,15.4,51.4,11.7,50.3,14.7
989490,Dry - mounted,Odonata,Aeshnidae,Aeshna,Aeshna cyanea,f,11.2,7.9,9.5,50.3,12.7,50.1,16.2,50.9,12.3,50.4,16.1
989484,Dry - mounted,Odonata,Aeshnidae,Aeshna,Aeshna cyanea,m,12,7.8,9.6,49.7,11.4,49.3,15,49.7,11.2,49.1,14.4
989488,Dry - mounted,Odonata,Aeshnidae,Aeshna,Aeshna cyanea,m,11.7,7.7,9.8,49.2,12.2,48.8,14.9,49.4,11.6,48.9,14.4
989491,Dry - mounted,Odonata,Aeshnidae,Aeshna,Aeshna cyanea,f,11,7.6,9.5,49.2,11.8,48.2,15.3,49,11.6,48.3,15.4
989483,Dry - mounted,Odonata,Aeshnidae,Aeshna,Aeshna cyanea,m,12.2,8.1,9.6,49.1,11.4,48,15,48.9,11.8,47.3,15
989496,Dry - mounted,Odonata,Aeshnidae,Aeshna,Aeshna cyanea,f,11.6,7.8,10.4,49,11.6,48.8,15.3,48.9,11.2,48.2,15.4
989481,Dry - mounted,Odonata,Aeshnidae,Aeshna,Aeshna cyanea,m,11.3,8.4,10.7,48.8,11.3,47.6,14,49.3,11.4,49.1,14
989486,Dry - mounted,Odonata,Aeshnidae,Aeshna,Aeshna cyanea,m,11.7,8.2,10,48.4,10.7,47.8,13.9,48.6,11,45.7,14.3
989485,Dry - mounted,Odonata,Aeshnidae,Aeshna,Aeshna cyanea,m,11,7.6,9.6,47.5,11.1,46.3,13.8,47.7,10.9,46.7,14.1
989487,Dry - mounted,Odonata,Aeshnidae,Aeshna,Aeshna cyanea,m,10.2,7.9,11,47.1,11.6,46.8,15,47,11.1,46.1,15.8
988376,Dry - mounted,Odonata,Aeshnidae,Aeshna,Aeshna grandis,m,12.6,8.5,10.6,52,12.7,50.8,15.5,51.9,12.5,50.2,15.6
988379,Dry - mounted,Odonata,Aeshnidae,Aeshna,Aeshna grandis,f,12.4,8.6,12.4,51.8,13.3,50,16.1,51.5,13.2,50.7,16.4
988382,Dry - mounted,Odonata,Aeshnidae,Aeshna,Aeshna grandis,f,12.6,8.6,12,51.2,12.4,50.4,15.4,31.4,12.8,50.9,15.1
988381,Dry - mounted,Odonata,Aeshnidae,Aeshna,Aeshna grandis,f,11.5,8.9,11.5,50.7,12.4,50.1,15.6,50.4,12.6,50.1,15.1
988378,Dry - mounted,Odonata,Aeshnidae,Aeshna,Aeshna grandis,f,11.9,8.2,11.1,50.2,12.8,50,16.2,50.2,12.5,50.1,16.3
988377,Dry - mounted,Odonata,Aeshnidae,Aeshna,Aeshna grandis,f,11.7,8.3,11.3,50,12.7,49.3,16,50.2,12.9,49.1,16.2
988380,Dry - mounted,Odonata,Aeshnidae,Aeshna,Aeshna grandis,f,12.2,8.2,10.2,49.9,12.5,49.6,15.1,49.7,12.5,49.3,15.8
988383,Dry - mounted,Odonata,Aeshnidae,Aeshna,Aeshna grandis,f,12.3,8.1,9.3,49.5,12.3,49.3,15.1,49.3,12.5,49.3,15.2
988370,Dry - mounted,Odonata,Aeshnidae,Aeshna,Aeshna grandis,m,12.4,8.5,11.2,49.4,12.3,48.8,14.9,49.4,12.3,48.9,14.8
988375,Dry - mounted,Odonata,Aeshnidae,Aeshna,Aeshna grandis,m,11.2,8.2,10,49.3,11.8,49.3,14.7,48.9,11.7,48.5,14.9
988384,Dry - mounted,Odonata,Aeshnidae,Aeshna,Aeshna grandis,f,12.1,8.1,11,49,12.5,47.7,15.7,47.3,11.9,47.3,15.9
988374,Dry - mounted,Odonata,Aeshnidae,Aeshna,Aeshna grandis,m,10.9,7.6,9.7,48.8,11.2,47.8,17.3,48.5,11.5,48.9,17
988372,Dry - mounted,Odonata,Aeshnidae,Aeshna,Aeshna grandis,m,11.4,8.8,9.7,48.5,12.3,48.6,15.8,49,12.4,48.6,15.7
988369,Dry - mounted,Odonata,Aeshnidae,Aeshna,Aeshna grandis,m,11.8,7.9,10.5,48.4,12.2,47.9,14.8,48.2,12.4,46.8,15.3
988373,Dry - mounted,Odonata,Aeshnidae,Aeshna,Aeshna grandis,m,12.2,7.8,10.7,47.9,12.1,47.4,15.8,47.8,12.1,47.1,15.2
988371,Dry - mounted,Odonata,Aeshnidae,Aeshna,Aeshna grandis,m,11.4,8.2,9.3,46.8,12.2,45.9,14.9,47,12.4,45.7,14.5
989445,Dry - mounted,Odonata,Aeshnidae,Aeshna,Aeshna isosceles,f,10.5,7.7,8.9,45.9,11.3,45.3,14.7,45.5,10.6,44.9,14.6
989442,Dry - mounted,Odonata,Aeshnidae,Aeshna,Aeshna isosceles,f,11.6,7.8,9.5,45.7,11.3,45.3,14.4,45.5,11.4,45.3,14.4
989437,Dry - mounted,Odonata,Aeshnidae,Aeshna,Aeshna isosceles,m,12.2,7.9,9.7,45.6,11.1,44.9,14.2,45.5,11.1,45,13.8
989446,Dry - mounted,Odonata,Aeshnidae,Aeshna,Aeshna isosceles,f,12.1,7.7,9.5,45.6,11.1,45.4,13.6,45.4,10.6,45.6,13.8
989438,Dry - mounted,Odonata,Aeshnidae,Aeshna,Aeshna isosceles,m,12.1,8,10.4,45.5,10.6,45.1,14.1,45.3,11,44.9,14.6
989448,Dry - mounted,Odonata,Aeshnidae,Aeshna,Aeshna isosceles,f,12,8.5,8.8,45.4,10.7,45.3,13.1,44.8,11.1,44.4,13.3
989444,Dry - mounted,Odonata,Aeshnidae,Aeshna,Aeshna isosceles,f,11.8,8,8.8,45.1,10.7,44.7,13.5,44.6,10.7,44.5,12.5
989447,Dry - mounted,Odonata,Aeshnidae,Aeshna,Aeshna isosceles,f,11.7,8,9.4,45.1,9.6,45,13.6,44.9,10,45.6,13.4
989441,Dry - mounted,Odonata,Aeshnidae,Aeshna,Aeshna isosceles,f,12,7.9,11.1,44.8,10.6,44.5,13.3,45.1,10.7,44.4,13.5
989433,Dry - mounted,Odonata,Aeshnidae,Aeshna,Aeshna isosceles,m,12.5,8,10.1,44.8,10.5,43.3,13.1,45,10.7,43.8,13.2
989435,Dry - mounted,Odonata,Aeshnidae,Aeshna,Aeshna isosceles,m,11.8,7.7,10.7,44.6,10.8,43.9,13,44.6,11.1,43.8,13
989440,Dry - mounted,Odonata,Aeshnidae,Aeshna,Aeshna isosceles,m,11.8,8.7,9,44.2,10.1,42.3,12.9,44.1,10,43.3,13.2
989436,Dry - mounted,Odonata,Aeshnidae,Aeshna,Aeshna isosceles,m,11.8,8.1,9.5,43.6,10.6,43.2,13.3,43.6,10.6,43.2,13.3
989443,Dry - mounted,Odonata,Aeshnidae,Aeshna,Aeshna isosceles,f,11.8,7.7,8.6,43.3,10.4,42.3,13.2,43.2,10.4,43,12.3
989439,Dry - mounted,Odonata,Aeshnidae,Aeshna,Aeshna isosceles,m,12,7,9.4,43.1,9.7,42.7,12.9,42.8,10.1,41.9,12.6
989434,Dry - mounted,Odonata,Aeshnidae,Aeshna,Aeshna isosceles,m,12.3,7.8,9.8,42.5,10.6,42.5,12.9,42.5,10.5,42.3,13.2
989539,Dry - mounted,Odonata,Aeshnidae,Aeshna,Aeshna juncea,f,12.2,8.3,11,48.3,12.6,46.3,15.5,48.6,12.3,46.7,15.4
989537,Dry - mounted,Odonata,Aeshnidae,Aeshna,Aeshna juncea,f,11.7,8,10.8,48.2,12.5,46.6,15.7,47.9,12.3,46,16
989529,Dry - mounted,Odonata,Aeshnidae,Aeshna,Aeshna juncea,m,12.1,8,9.9,47.9,11.3,47.3,14.4,47.8,11.5,47.5,14.2
989542,Dry - mounted,Odonata,Aeshnidae,Aeshna,Aeshna juncea,f,12.3,8.2,10.1,47.8,12.3,46,15.2,47.3,12,46.3,15
989531,Dry - mounted,Odonata,Aeshnidae,Aeshna,Aeshna juncea,m,11.2,9.2,10.8,47.6,11.8,46,13.4,47.5,11.1,45.8,14.1
989530,Dry - mounted,Odonata,Aeshnidae,Aeshna,Aeshna juncea,m,12.7,8.1,10.1,47.6,11.4,46.6,14.1,47,11.7,46.4,14.3
989543,Dry - mounted,Odonata,Aeshnidae,Aeshna,Aeshna juncea,f,12,8.8,8.4,47.5,11.5,46.8,14.4,47.2,11.5,46,14.3
989533,Dry - mounted,Odonata,Aeshnidae,Aeshna,Aeshna juncea,m,11.6,8.2,9.1,47.5,11.5,46.8,14,47.4,11.1,46.6,14
989534,Dry - mounted,Odonata,Aeshnidae,Aeshna,Aeshna juncea,m,12,8.7,12.8,47.2,11.1,46.7,13.8,47.8,11.1,46.8,14
989541,Dry - mounted,Odonata,Aeshnidae,Aeshna,Aeshna juncea,f,11.6,8.4,9.7,47,11.6,46.2,14.4,47.7,11.1,46.5,14.3
989535,Dry - mounted,Odonata,Aeshnidae,Aeshna,Aeshna juncea,m,13,8,10.2,46.8,11.3,45.4,13.8,46.7,11.5,46.7,14
989532,Dry - mounted,Odonata,Aeshnidae,Aeshna,Aeshna juncea,m,12,8.3,9.2,46.7,11.2,46.1,13.9,46.4,11.2,46.2,13.9
989544,Dry - mounted,Odonata,Aeshnidae,Aeshna,Aeshna juncea,f,11.9,7.9,10,46,11.2,42.8,15.1,45.9,11.4,42,14.9
989538,Dry - mounted,Odonata,Aeshnidae,Aeshna,Aeshna juncea,f,11.9,8.1,10.3,45.5,11.8,53.5,14.3,45.9,11.7,45,14.8
989540,Dry - mounted,Odonata,Aeshnidae,Aeshna,Aeshna juncea,f,12.3,7.9,10,44.1,11.7,41.2,13.9,44.1,12.7,41.1,14.5
989536,Dry - mounted,Odonata,Aeshnidae,Aeshna,Aeshna juncea,m,12.3,8.2,8.6,42.8,11.1,41.3,13.7,43.8,11.2,41,13.1
989402,Dry - mounted,Odonata,Aeshnidae,Aeshna,Aeshna mixta,m,11.8,8,10.3,48.1,11.3,46.7,14.1,48,11.7,46.5,14.2
989401,Dry - mounted,Odonata,Aeshnidae,Aeshna,Aeshna mixta,m,11.9,7.9,10.4,47.2,11.3,47.6,14.1,47,11.4,46.3,14.3
989406,Dry - mounted,Odonata,Aeshnidae,Aeshna,Aeshna mixta,m,12,7.9,9.6,46.6,11.2,45.8,14.2,47,11.5,46.1,14.3
989404,Dry - mounted,Odonata,Aeshnidae,Aeshna,Aeshna mixta,m,11,7.7,10.1,46.4,10.3,44.4,13.2,45.8,10.8,44.4,13
989403,Dry - mounted,Odonata,Aeshnidae,Aeshna,Aeshna mixta,m,17.1,13.1,14.8,45.3,11.4,44.7,13.9,46,11.2,44.3,13.9
989410,Dry - mounted,Odonata,Aeshnidae,Aeshna,Aeshna mixta,f,10.9,7.7,8.9,43.1,10.2,43,13.8,43.1,10.4,43.1,13.7
989405,Dry - mounted,Odonata,Aeshnidae,Aeshna,Aeshna mixta,m,11.5,7.3,9.4,42.5,9.7,42.6,13.2,42.5,9.6,42.6,12.9
989414,Dry - mounted,Odonata,Aeshnidae,Aeshna,Aeshna mixta,f,10.6,7.3,8.1,42.3,10.1,42.3,13.5,42.5,9.9,41.9,13.8
989412,Dry - mounted,Odonata,Aeshnidae,Aeshna,Aeshna mixta,f,10.4,7.6,9.2,42.1,9.6,41.4,13,41.6,9.3,41.7,13
989408,Dry - mounted,Odonata,Aeshnidae,Aeshna,Aeshna mixta,m,11.1,7.6,8.6,41.9,10.2,41.1,13,41.9,10,41.4,13
989409,Dry - mounted,Odonata,Aeshnidae,Aeshna,Aeshna mixta,f,11.3,7.2,8.3,41.7,10.4,41.6,13.1,41.3,10.4,41.5,13.4
989413,Dry - mounted,Odonata,Aeshnidae,Aeshna,Aeshna mixta,f,10.6,7.2,8.4,41.5,10.4,41.1,13,41.2,10.2,41.2,12.9
989411,Dry - mounted,Odonata,Aeshnidae,Aeshna,Aeshna mixta,f,11,7.3,9.5,41.4,10.1,40.6,13.1,41.4,9.9,40.9,13.1
989416,Dry - mounted,Odonata,Aeshnidae,Aeshna,Aeshna mixta,f,10,7,8.6,41.3,9.9,41.1,12.9,41.2,9.8,41,12.7
989407,Dry - mounted,Odonata,Aeshnidae,Aeshna,Aeshna mixta,m,10.6,7.4,9,40.5,9.8,40.1,13,40.7,9.9,40,13.1
989415,Dry - mounted,Odonata,Aeshnidae,Aeshna,Aeshna mixta,f,9.3,6.9,8.9,39.7,9.6,39.2,12.3,39.2,9.8,39.2,12.6
989474,Dry - mounted,Odonata,Aeshnidae,Anax,Anax imperator,f,13.6,8.2,12.3,53.3,12,52.6,14.6,53.6,11.9,52.6,14.8
989479,Dry - mounted,Odonata,Aeshnidae,Anax,Anax imperator,f,13.4,9,12.1,52.9,11.5,51.8,15.6,52.3,11.5,51.4,15.8
989465,Dry - mounted,Odonata,Aeshnidae,Anax,Anax imperator,m,13.4,9.3,11.5,52.5,12,51.1,15.3,52.7,12,51.4,15.2
989473,Dry - mounted,Odonata,Aeshnidae,Anax,Anax imperator,f,13.3,9.3,10.4,52.4,11.9,50.9,15.2,42.7,12,50.5,14.5
989472,Dry - mounted,Odonata,Aeshnidae,Anax,Anax imperator,m,12.3,8.7,10.3,52.3,12.4,51.1,14.9,52,12.3,51.2,14.8
989477,Dry - mounted,Odonata,Aeshnidae,Anax,Anax imperator,f,13.9,8.8,10.6,51.7,12.1,50.6,15.3,52.1,11.8,50.4,15.9
989468,Dry - mounted,Odonata,Aeshnidae,Anax,Anax imperator,m,13,8.8,11.1,51.7,11.9,50.5,14.8,52,12.1,50.3,14.6
989467,Dry - mounted,Odonata,Aeshnidae,Anax,Anax imperator,m,13.3,9,11.6,51.6,12.1,51.1,15.8,51.8,12.1,51.1,15.8
989469,Dry - mounted,Odonata,Aeshnidae,Anax,Anax imperator,m,12,9,9.6,51.6,12,49.2,16.4,52.1,11.6,49.4,15.9
989478,Dry - mounted,Odonata,Aeshnidae,Anax,Anax imperator,f,12.7,8.8,11.7,51.6,11.5,50.4,15.1,51.9,11.6,50.2,14.8
989470,Dry - mounted,Odonata,Aeshnidae,Anax,Anax imperator,m,12.2,8.6,9.1,51.2,11.9,50.1,15,51.4,12,50.2,15.5
989475,Dry - mounted,Odonata,Aeshnidae,Anax,Anax imperator,f,13.2,9.2,11.1,50.8,11.5,48.9,14.8,50.5,11.6,48.9,14.8
989480,Dry - mounted,Odonata,Aeshnidae,Anax,Anax imperator,f,13.2,9.6,10.6,50.3,11.7,49.8,14.9,49.9,11.5,49.8,15
989471,Dry - mounted,Odonata,Aeshnidae,Anax,Anax imperator,m,13,8.6,10.1,49.9,11.7,49.6,14.1,50.5,11.5,49.7,14.3
989466,Dry - mounted,Odonata,Aeshnidae,Anax,Anax imperator,m,13,8.4,11.6,49.9,11.5,48,15.1,49.8,12,48.1,15.1
989476,Dry - mounted,Odonata,Aeshnidae,Anax,Anax imperator,f,13,8.3,12.1,49.3,11.4,48.7,14.3,49.5,11.3,48.8,14.5
988191,Dry - mounted,Odonata,Aeshnidae,Brachytron,Brachytron pratense,f,9.4,7.4,8,39.1,9.3,38.4,11.1,39.1,9.9,38.4,10.9
988185,Dry - mounted,Odonata,Aeshnidae,Brachytron,Brachytron pratense,f,10.6,7,8.5,38.3,9.2,37.8,10.4,38.7,9.2,37.8,10.5
988187,Dry - mounted,Odonata,Aeshnidae,Brachytron,Brachytron pratense,f,10.3,7,8.6,38.1,8.8,37.6,10.2,37.7,8.9,37.4,10
988177,Dry - mounted,Odonata,Aeshnidae,Brachytron,Brachytron pratense,m,10,6.9,8.5,37.9,9.4,37.5,10.7,37.5,9.3,37,11.2
988192,Dry - mounted,Odonata,Aeshnidae,Brachytron,Brachytron pratense,f,10,7.2,9.3,37.8,9,37,11.5,37.7,8.7,36.8,10.9
988178,Dry - mounted,Odonata,Aeshnidae,Brachytron,Brachytron pratense,m,10.4,7.5,8.4,37.5,9,36.2,10.2,37.6,9,35.3,10
988181,Dry - mounted,Odonata,Aeshnidae,Brachytron,Brachytron pratense,m,10.6,7.4,8.6,37.3,8.5,36.4,10.5,37.4,8.6,36,10.1
988183,Dry - mounted,Odonata,Aeshnidae,Brachytron,Brachytron pratense,m,10.6,7.3,8.2,36.9,8.5,36.7,9.7,36.7,8.6,36.5,9.9
988186,Dry - mounted,Odonata,Aeshnidae,Brachytron,Brachytron pratense,f,9.8,7.3,8.1,36.6,8.7,36.1,10.2,37.5,8.7,36.2,10.5
988179,Dry - mounted,Odonata,Aeshnidae,Brachytron,Brachytron pratense,m,9.8,7,8.2,36.4,8.5,36,9.8,36.6,8.5,35.7,10
988188,Dry - mounted,Odonata,Aeshnidae,Brachytron,Brachytron pratense,f,10.3,6.9,8.9,36.3,8.8,36.1,9.7,36,8.6,35.6,9.9
988190,Dry - mounted,Odonata,Aeshnidae,Brachytron,Brachytron pratense,f,10,7.3,8.3,36.2,9.2,35.2,10.1,36.2,8.8,35.8,10.4
988180,Dry - mounted,Odonata,Aeshnidae,Brachytron,Brachytron pratense,m,10,7.3,9,36.1,8.8,35.8,10,36.1,8.9,36.11,9.9
988189,Dry - mounted,Odonata,Aeshnidae,Brachytron,Brachytron pratense,f,10.4,7.2,8.1,36.1,8.5,35.9,10.3,36.7,8.5,36.2,10.3
988182,Dry - mounted,Odonata,Aeshnidae,Brachytron,Brachytron pratense,m,11.2,8.2,9.7,35.9,8.8,35.8,10.5,36.3,8.6,35.4,10.5
988184,Dry - mounted,Odonata,Aeshnidae,Brachytron,Brachytron pratense,m,10.6,7,8.5,34.6,8.4,34.8,9.8,34.8,8.8,34.5,10.1
988155,Dry - mounted,Odonata,Calopterygidae,Calopteryx,Calopteryx splendens,f,6.8,3.9,5,34,9.7,32.8,9.2,33.7,9.6,32.7,9.2
988158,Dry - mounted,Odonata,Calopterygidae,Calopteryx,Calopteryx splendens,f,7.1,4.1,4.8,33.7,9.6,32.7,9.4,33.6,10,32.5,9.2
988154,Dry - mounted,Odonata,Calopterygidae,Calopteryx,Calopteryx splendens,f,6.8,3.6,5.9,33.6,9.9,32.3,9.1,33.7,9.7,32.2,9
988156,Dry - mounted,Odonata,Calopterygidae,Calopteryx,Calopteryx splendens,f,6.5,4.1,4.9,33.5,9.1,32.7,8.7,33.6,9,32.4,8.4
988160,Dry - mounted,Odonata,Calopterygidae,Calopteryx,Calopteryx splendens,f,6.5,3.6,4.2,33.2,9.1,31.8,8.7,33,9,31.6,8.7
988153,Dry - mounted,Odonata,Calopterygidae,Calopteryx,Calopteryx splendens,f,6.9,3.8,4.9,33.2,8.9,32.1,8.7,33.2,8.9,32.1,8.5
988157,Dry - mounted,Odonata,Calopterygidae,Calopteryx,Calopteryx splendens,f,6.8,3.6,4.3,33.1,9.8,32.3,9.1,33.3,9.9,32.1,9.1
988159,Dry - mounted,Odonata,Calopterygidae,Calopteryx,Calopteryx splendens,f,6.7,3.8,4.1,33,9.4,32.1,9.4,33.3,9.4,32,9.4
988149,Dry - mounted,Odonata,Calopterygidae,Calopteryx,Calopteryx splendens,m,6.5,3.8,5.2,32.3,9.4,30.4,9.2,32.1,9.5,30.6,9.1
988147,Dry - mounted,Odonata,Calopterygidae,Calopteryx,Calopteryx splendens,m,6.9,4.1,5,31.2,9.6,29.2,9.4,31.3,9.7,29.2,9.4
988148,Dry - mounted,Odonata,Calopterygidae,Calopteryx,Calopteryx splendens,m,6.5,3.9,4.6,30.8,9.1,29.6,9.5,31,9.3,29.6,9.1
988151,Dry - mounted,Odonata,Calopterygidae,Calopteryx,Calopteryx splendens,m,6.7,3.7,4.4,30.7,9.1,29.2,9.4,30.4,9.1,29.4,9
988152,Dry - mounted,Odonata,Calopterygidae,Calopteryx,Calopteryx splendens,m,6.9,4,4.7,30.6,9.2,29.7,9,30.4,9.2,29.5,9.1
988146,Dry - mounted,Odonata,Calopterygidae,Calopteryx,Calopteryx splendens,m,6.7,3.6,4.7,29.6,9.1,29.3,9.6,29.7,8.9,29.4,9.4
988150,Dry - mounted,Odonata,Calopterygidae,Calopteryx,Calopteryx splendens,m,6.5,4.1,5.4,29.2,9.4,28.6,9.4,29.2,9.1,28.5,9.3
988145,Dry - mounted,Odonata,Calopterygidae,Calopteryx,Calopteryx splendens,m,6.9,3.3,4.8,28.8,8.8,28.5,8.6,28.9,8.7,28.3,8.6
988139,Dry - mounted,Odonata,Calopterygidae,Calopteryx,Calopteryx virgo,f,7.1,4,5.5,37.2,10.2,36.5,10.2,37.2,10.4,36.6,10.2
988143,Dry - mounted,Odonata,Calopterygidae,Calopteryx,Calopteryx virgo,f,6.5,3.3,3.8,35.2,10,34.9,9.6,35.3,9.8,34.3,10
988144,Dry - mounted,Odonata,Calopterygidae,Calopteryx,Calopteryx virgo,f,6.3,3.6,3.8,34.4,10,34,9.7,34.1,9.8,33.8,9.7
988140,Dry - mounted,Odonata,Calopterygidae,Calopteryx,Calopteryx virgo,f,6.8,3.7,4.8,34.2,10.8,34.1,10.1,34.3,10.9,33.5,10.2
988141,Dry - mounted,Odonata,Calopterygidae,Calopteryx,Calopteryx virgo,f,6.8,4.2,5.1,33.9,9.8,32.8,9.9,34.1,10,33.6,9.8
988142,Dry - mounted,Odonata,Calopterygidae,Calopteryx,Calopteryx virgo,f,7,3.1,4.9,33.6,9.9,33,9.2,33.4,9.6,32.7,9.4
988129,Dry - mounted,Odonata,Calopterygidae,Calopteryx,Calopteryx virgo,m,6.8,4.2,4.7,33.3,11.6,32.6,11.4,33.1,11.4,32.4,11.4
988131,Dry - mounted,Odonata,Calopterygidae,Calopteryx,Calopteryx virgo,m,6.8,3.9,5.2,33.3,11.3,32.2,11,33.2,11.5,32.3,11
988136,Dry - mounted,Odonata,Calopterygidae,Calopteryx,Calopteryx virgo,m,6.5,3.8,5.2,32.8,10.8,32.2,10.4,33,10.6,32.4,10.7
988130,Dry - mounted,Odonata,Calopterygidae,Calopteryx,Calopteryx virgo,m,7.2,4.2,5.4,32.6,11.2,32.3,11,32.9,11.2,32.6,11.1
988138,Dry - mounted,Odonata,Calopterygidae,Calopteryx,Calopteryx virgo,f,6.5,4.1,5.5,32.6,9.8,32.6,9.6,32.5,9.9,32.6,9.7
988134,Dry - mounted,Odonata,Calopterygidae,Calopteryx,Calopteryx virgo,m,7,3.7,4.9,32.2,10.7,31.3,10.2,32.4,10.6,31,10.2
988137,Dry - mounted,Odonata,Calopterygidae,Calopteryx,Calopteryx virgo,f,6.3,3.8,5,32.2,9.8,31.7,8.9,32.6,9.8,31.4,8.8
988133,Dry - mounted,Odonata,Calopterygidae,Calopteryx,Calopteryx virgo,m,6.7,3.6,5.1,32.1,11,31.2,11.1,32.2,11.2,31.1,11.2
988132,Dry - mounted,Odonata,Calopterygidae,Calopteryx,Calopteryx virgo,m,6.4,3.7,4.9,32.1,10.7,30.1,10.1,32,10.7,30.6,10.1
988135,Dry - mounted,Odonata,Calopterygidae,Calopteryx,Calopteryx virgo,m,6.9,3.8,5.6,31.5,10.4,31.2,10,31.3,10.4,30.9,10.4
988205,Dry - mounted,Odonata,Coenagrionidae,Ceriagrion,Ceriagrion tenellum,f,4.5,2.8,3,21.8,5,20.2,5.1,21.7,5,19.9,5.1
988204,Dry - mounted,Odonata,Coenagrionidae,Ceriagrion,Ceriagrion tenellum,f,4.7,2.8,2.8,21.2,4.7,19.1,4.7,21.3,4.5,19,4.5
988203,Dry - mounted,Odonata,Coenagrionidae,Ceriagrion,Ceriagrion tenellum,f,5.3,2.9,3,21.1,5.2,20.2,5,21.3,5.1,20,4.9
988201,Dry - mounted,Odonata,Coenagrionidae,Ceriagrion,Ceriagrion tenellum,f,4.3,2.8,2.8,19.9,4.4,18.6,4.8,19.9,4.8,18.6,4.7
988208,Dry - mounted,Odonata,Coenagrionidae,Ceriagrion,Ceriagrion tenellum,f,5,2.7,3.2,19.8,4.4,18.8,4.8,19.9,4.6,18.4,4.5
988207,Dry - mounted,Odonata,Coenagrionidae,Ceriagrion,Ceriagrion tenellum,f,4.4,2.9,3,19.8,4.2,19.2,4.6,19.5,4.5,19.2,4.4
988206,Dry - mounted,Odonata,Coenagrionidae,Ceriagrion,Ceriagrion tenellum,f,4.1,2.8,3,19.7,4.7,18.6,4.5,19.6,4.7,18.6,4.7
988198,Dry - mounted,Odonata,Coenagrionidae,Ceriagrion,Ceriagrion tenellum,m,4,2.6,2.5,19.3,4.3,17.8,4.2,19.2,4.2,17.8,4.2
988200,Dry - mounted,Odonata,Coenagrionidae,Ceriagrion,Ceriagrion tenellum,m,4.3,2.5,2.8,19.2,4.2,17.5,4,18.9,4.2,17.6,4
988202,Dry - mounted,Odonata,Coenagrionidae,Ceriagrion,Ceriagrion tenellum,f,5,2.8,2.8,18.9,4.2,18,4,19.1,4.2,18.1,4.2
988195,Dry - mounted,Odonata,Coenagrionidae,Ceriagrion,Ceriagrion tenellum,m,4.3,2.7,2.7,18.8,4.1,17.8,4.3,18.9,4,17.9,4.1
988194,Dry - mounted,Odonata,Coenagrionidae,Ceriagrion,Ceriagrion tenellum,m,3.8,2.6,2.8,18.8,4.1,18.1,4,18.6,4.1,18.1,4
988197,Dry - mounted,Odonata,Coenagrionidae,Ceriagrion,Ceriagrion tenellum,m,4.2,2.7,2.8,18.7,4.3,19.3,4.2,18.9,4.3,18.1,4.1
988196,Dry - mounted,Odonata,Coenagrionidae,Ceriagrion,Ceriagrion tenellum,m,4.3,2.5,2.9,18.7,4.1,17.9,4,18.7,4.1,17.8,4.1
988193,Dry - mounted,Odonata,Coenagrionidae,Ceriagrion,Ceriagrion tenellum,m,4.4,2.6,2.6,18.7,4,17.4,4,18.6,4.1,17.6,4
988199,Dry - mounted,Odonata,Coenagrionidae,Ceriagrion,Ceriagrion tenellum,m,4.4,2.6,2.6,18.4,4,17.7,3.8,18.5,4.1,17.5,4.1
988268,Dry - mounted,Odonata,Coenagrionidae,Coenagrion,Coenagrion hastulatum,f,4.4,2.6,3.1,22.6,4.5,21.5,4.5,22.9,4.7,21.8,4.6
988266,Dry - mounted,Odonata,Coenagrionidae,Coenagrion,Coenagrion hastulatum,f,5,2.6,3.1,22.2,4.7,21.6,4.5,22.2,4.6,21.6,4.4
988265,Dry - mounted,Odonata,Coenagrionidae,Coenagrion,Coenagrion hastulatum,f,4.7,2.4,3.5,21.9,4.4,21.1,4.3,21,4.3,20.8,4.2
988269,Dry - mounted,Odonata,Coenagrionidae,Coenagrion,Coenagrion hastulatum,f,4.8,2.8,2.9,21.7,4.4,21,4.6,22.4,4.7,21.2,4.1
988260,Dry - mounted,Odonata,Coenagrionidae,Coenagrion,Coenagrion hastulatum,m,4.3,2.6,2.8,21.7,4,18.7,4,21.2,4,19.1,3.7
988267,Dry - mounted,Odonata,Coenagrionidae,Coenagrion,Coenagrion hastulatum,f,4.8,2.5,2.8,21.6,4.8,20.8,4.3,21.5,4.7,21.1,4.4
988261,Dry - mounted,Odonata,Coenagrionidae,Coenagrion,Coenagrion hastulatum,m,3.7,2.5,2.6,21.6,4.1,20,3.9,21.6,4.1,20.4,4
988263,Dry - mounted,Odonata,Coenagrionidae,Coenagrion,Coenagrion hastulatum,m,3.7,2.3,2.4,21.5,4.1,20.5,3.7,21.3,4.2,20.6,3.8
988259,Dry - mounted,Odonata,Coenagrionidae,Coenagrion,Coenagrion hastulatum,m,4.3,2.5,2.8,20.7,4.1,19.1,3.9,20.2,4.1,19.2,3.2
988264,Dry - mounted,Odonata,Coenagrionidae,Coenagrion,Coenagrion hastulatum,m,3.9,2.1,2.3,20.3,3.8,19.2,3.8,20.4,3.7,19,3.9
988257,Dry - mounted,Odonata,Coenagrionidae,Coenagrion,Coenagrion hastulatum,m,4.5,2.5,2.6,20.2,4,18.8,3.8,20.2,4.1,18.7,3.9
988262,Dry - mounted,Odonata,Coenagrionidae,Coenagrion,Coenagrion hastulatum,m,4,2.6,2.7,19.9,4.6,18.6,3.9,20,4.3,18.9,4
988258,Dry - mounted,Odonata,Coenagrionidae,Coenagrion,Coenagrion hastulatum,m,4.6,2.1,2.9,19.6,3.9,18.5,3.8,19.6,4.1,19.1,3.7
988128,Dry - mounted,Odonata,Coenagrionidae,Coenagrion,Coenagrion mercuriale,f,4,1.8,2.2,19.9,4.2,19.3,3.9,20.4,4,19.7,4.5
988125,Dry - mounted,Odonata,Coenagrionidae,Coenagrion,Coenagrion mercuriale,f,4.1,2.5,2.8,19.6,4.5,18.4,4.5,19.2,4.2,17.9,4.3
988123,Dry - mounted,Odonata,Coenagrionidae,Coenagrion,Coenagrion mercuriale,f,4.2,2.6,2.9,19.5,4,17.9,3.7,19.5,3.9,18.1,3.7
988124,Dry - mounted,Odonata,Coenagrionidae,Coenagrion,Coenagrion mercuriale,f,4.3,2.5,3.3,19.4,4.1,18.7,3.7,19.6,4.1,18.7,4.1
988126,Dry - mounted,Odonata,Coenagrionidae,Coenagrion,Coenagrion mercuriale,f,4.3,2.6,2.8,19.3,3.7,18.4,4,19.3,3.9,18.2,4.2
988121,Dry - mounted,Odonata,Coenagrionidae,Coenagrion,Coenagrion mercuriale,f,4.2,2.6,3,19.2,4.2,18.5,4.1,19.3,4.1,18.6,4
988122,Dry - mounted,Odonata,Coenagrionidae,Coenagrion,Coenagrion mercuriale,f,3.7,2.4,2.8,19,4.1,18,4.1,19.1,4.2,18.2,4
988127,Dry - mounted,Odonata,Coenagrionidae,Coenagrion,Coenagrion mercuriale,f,4.2,2.5,2.6,18.5,4.2,17.9,3.8,18.4,4.1,18,4.3
988120,Dry - mounted,Odonata,Coenagrionidae,Coenagrion,Coenagrion mercuriale,m,3.5,2.4,2.6,17.8,3.8,17.1,3.8,17.9,3.8,17.2,3.6
988115,Dry - mounted,Odonata,Coenagrionidae,Coenagrion,Coenagrion mercuriale,m,3.8,2.5,2.6,17.6,3.8,16.8,3.5,17.7,3.8,16.8,3.6
988114,Dry - mounted,Odonata,Coenagrionidae,Coenagrion,Coenagrion mercuriale,m,3.9,1.9,2.7,17.3,3.7,16.3,3.7,17.4,3.7,16.2,3.7
988117,Dry - mounted,Odonata,Coenagrionidae,Coenagrion,Coenagrion mercuriale,m,3.5,2.4,2.6,17.2,3.8,16.2,3.6,17.7,3.8,16.2,3.7
988118,Dry - mounted,Odonata,Coenagrionidae,Coenagrion,Coenagrion mercuriale,m,3.7,2.2,2.6,16.9,3.6,15.6,3.6,16.8,3.7,15.7,3.5
988116,Dry - mounted,Odonata,Coenagrionidae,Coenagrion,Coenagrion mercuriale,m,3.5,2.1,2.5,16.6,3.6,15.6,3.4,17.1,3.6,15.9,3.4
988119,Dry - mounted,Odonata,Coenagrionidae,Coenagrion,Coenagrion mercuriale,m,3.6,2,2.7,16.3,3.7,15.4,3.4,16.3,3.6,15.3,3.5
988113,Dry - mounted,Odonata,Coenagrionidae,Coenagrion,Coenagrion mercuriale,m,3.4,2.3,2.6,15.7,3.1,14.2,2.9,15.7,3.2,14.5,3
988047,Dry - mounted,Odonata,Coenagrionidae,Coenagrion,Coenagrion puella,f,4.3,2.9,2.7,23.8,4.5,21.8,4.6,23.4,4.6,21.9,4.6
988045,Dry - mounted,Odonata,Coenagrionidae,Coenagrion,Coenagrion puella,f,4.3,2.8,2.7,23.1,4.3,22.1,4.4,23.4,4.5,22.2,4.6
988046,Dry - mounted,Odonata,Coenagrionidae,Coenagrion,Coenagrion puella,f,4.2,2.7,2.7,23,4.3,21.8,4.6,22.9,4.2,21.9,4.1
988048,Dry - mounted,Odonata,Coenagrionidae,Coenagrion,Coenagrion puella,f,4.8,2.8,2.5,22.6,4,20.9,3.9,22.4,3.8,20.3,4.1
988043,Dry - mounted,Odonata,Coenagrionidae,Coenagrion,Coenagrion puella,f,4,2.5,3.1,22.4,4.4,21.5,4.3,22.6,4.4,21.1,4.2
988035,Dry - mounted,Odonata,Coenagrionidae,Coenagrion,Coenagrion puella,m,4.4,2.4,2.6,22.2,4,20.2,3.6,22,3.9,20.3,3.6
988042,Dry - mounted,Odonata,Coenagrionidae,Coenagrion,Coenagrion puella,f,4.6,2.5,2.9,22.1,4,20.5,4,22.3,4.1,21.2,3.9
988038,Dry - mounted,Odonata,Coenagrionidae,Coenagrion,Coenagrion puella,m,3.5,2.5,2.8,22.1,3.9,20.6,3.8,21.7,3.9,20.2,3.8
988033,Dry - mounted,Odonata,Coenagrionidae,Coenagrion,Coenagrion puella,m,4.4,2.6,2.6,22,3.9,20,3.6,21.9,3.9,20.6,3.7
988039,Dry - mounted,Odonata,Coenagrionidae,Coenagrion,Coenagrion puella,m,4.4,2.7,3.3,21.9,4.3,20.9,4.1,22,4,20,4.3
988036,Dry - mounted,Odonata,Coenagrionidae,Coenagrion,Coenagrion puella,m,4.2,2.6,2.6,21.8,3.9,20.3,4,22.1,4.2,20.3,4
988044,Dry - mounted,Odonata,Coenagrionidae,Coenagrion,Coenagrion puella,f,4.1,2.5,2.9,21.8,3.7,20.3,4.1,21.7,4,20.1,3.7
988041,Dry - mounted,Odonata,Coenagrionidae,Coenagrion,Coenagrion puella,f,4.6,2.5,2.9,21.7,4.1,20.9,3.8,21.6,4.4,21,4.1
988034,Dry - mounted,Odonata,Coenagrionidae,Coenagrion,Coenagrion puella,m,4.3,2.4,3.1,21.6,3.7,19.6,3.8,21.6,3.7,18.9,3.5
988037,Dry - mounted,Odonata,Coenagrionidae,Coenagrion,Coenagrion puella,m,3.7,2.1,2.4,19.8,3.9,18.4,3.7,19.7,3.7,18.2,3.9
988040,Dry - mounted,Odonata,Coenagrionidae,Coenagrion,Coenagrion puella,m,3.9,2.3,2.6,19.4,3.5,18.6,3.5,19.6,3.6,18.4,3.6
988111,Dry - mounted,Odonata,Coenagrionidae,Coenagrion,Coenagrion pulchellum,f,5,3,3.6,23.8,5,22.4,4.5,23.8,5.1,23,4.8
988105,Dry - mounted,Odonata,Coenagrionidae,Coenagrion,Coenagrion pulchellum,f,4.4,2.6,2.9,22.9,4.2,21.4,4.2,22.6,4.3,21.3,4.2
988106,Dry - mounted,Odonata,Coenagrionidae,Coenagrion,Coenagrion pulchellum,f,4.4,2.6,3.1,22.7,4.1,21.6,4.2,22.7,4.1,21.5,4.2
988112,Dry - mounted,Odonata,Coenagrionidae,Coenagrion,Coenagrion pulchellum,f,4.4,2.7,2.8,22.6,4.3,21.4,4.2,22.2,4.4,21.2,4.3
988108,Dry - mounted,Odonata,Coenagrionidae,Coenagrion,Coenagrion pulchellum,f,4.5,2.7,3.3,22.3,4,20.4,4.2,22.1,4.2,20.5,4.1
988110,Dry - mounted,Odonata,Coenagrionidae,Coenagrion,Coenagrion pulchellum,f,4.2,2.7,2.9,22.2,4.1,20.8,4.1,22.3,4.2,21,4.2
988109,Dry - mounted,Odonata,Coenagrionidae,Coenagrion,Coenagrion pulchellum,f,4,2.8,2.7,22.1,4.3,21,4.2,21.9,4.3,20.8,4.1
988107,Dry - mounted,Odonata,Coenagrionidae,Coenagrion,Coenagrion pulchellum,f,4.2,2.6,2.9,21.4,4.4,20.2,4.2,21.3,4.3,20.3,4.3
988103,Dry - mounted,Odonata,Coenagrionidae,Coenagrion,Coenagrion pulchellum,m,3.9,2.5,2.6,20.8,4.2,19.3,4.1,20.7,4.1,19.3,4.1
988100,Dry - mounted,Odonata,Coenagrionidae,Coenagrion,Coenagrion pulchellum,m,3.9,2.5,2.6,20.8,4.2,19.6,4.6,20.8,4.3,19.2,4.3
988102,Dry - mounted,Odonata,Coenagrionidae,Coenagrion,Coenagrion pulchellum,m,3.7,2.5,3.1,20.4,4,19,4.2,20.3,4,19,4
988104,Dry - mounted,Odonata,Coenagrionidae,Coenagrion,Coenagrion pulchellum,m,4,2.4,2.9,20.1,4.2,18.7,4.3,20.4,4.2,19.1,4.2
988097,Dry - mounted,Odonata,Coenagrionidae,Coenagrion,Coenagrion pulchellum,m,4,2.3,2.5,19.9,3.9,18.6,4.2,19.7,4,18.6,4.2
988098,Dry - mounted,Odonata,Coenagrionidae,Coenagrion,Coenagrion pulchellum,m,3.9,2.4,2.8,19.8,4.2,18.5,3.9,19.7,4,18.5,3.9
988099,Dry - mounted,Odonata,Coenagrionidae,Coenagrion,Coenagrion pulchellum,m,4,2.5,2.8,19.6,4,18.6,4.1,19.8,4.1,18.6,3.9
988101,Dry - mounted,Odonata,Coenagrionidae,Coenagrion,Coenagrion pulchellum,m,4,2.3,2.4,19,3.7,18.3,3.9,19,3.7,18.3,3.7
989432,Dry - mounted,Odonata,Cordulegastridae,Cordulegaster,Cordulegaster boltonii,f,13.2,9.2,11,49.8,10.7,49.1,13.4,49.9,10.7,48.9,13.2
989427,Dry - mounted,Odonata,Cordulegastridae,Cordulegaster,Cordulegaster boltonii,f,13.3,9.5,10.6,49.7,11.1,48.5,14.1,49.6,11.1,48.2,14
989430,Dry - mounted,Odonata,Cordulegastridae,Cordulegaster,Cordulegaster boltonii,f,12.5,8.9,10.7,49.6,11.1,49.3,13.9,50.2,11.1,48.9,13.4
989431,Dry - mounted,Odonata,Cordulegastridae,Cordulegaster,Cordulegaster boltonii,f,12.1,8.5,10.2,49.5,11.5,48.5,13.6,49.9,11.3,48.3,13.8
989428,Dry - mounted,Odonata,Cordulegastridae,Cordulegaster,Cordulegaster boltonii,f,12.6,9.1,11.1,49.1,11.2,48.6,13.5,48.9,11.2,48.4,13.7
989425,Dry - mounted,Odonata,Cordulegastridae,Cordulegaster,Cordulegaster boltonii,f,12.8,9,11.3,48.3,10.7,47.3,13,48.2,11.1,47.5,13.3
989426,Dry - mounted,Odonata,Cordulegastridae,Cordulegaster,Cordulegaster boltonii,f,12.6,9.9,10.6,45.5,10.5,44.8,13.1,45.4,10.7,44.4,13.3
989420,Dry - mounted,Odonata,Cordulegastridae,Cordulegaster,Cordulegaster boltonii,m,12.3,8.7,9.3,45.1,10.1,44.4,12.2,45.2,10.1,43.9,12.4
989424,Dry - mounted,Odonata,Cordulegastridae,Cordulegaster,Cordulegaster boltonii,m,12.2,8,9.1,45.1,9.7,44,11.7,44.9,10,44.1,11.6
989429,Dry - mounted,Odonata,Cordulegastridae,Cordulegaster,Cordulegaster boltonii,f,12,8,9.9,45,10.6,44.4,12.9,45.2,10.4,44.4,12.7
989419,Dry - mounted,Odonata,Cordulegastridae,Cordulegaster,Cordulegaster boltonii,m,11.1,8.3,9.6,44.3,8.9,43.8,11.7,44.5,9.3,43,12
989421,Dry - mounted,Odonata,Cordulegastridae,Cordulegaster,Cordulegaster boltonii,m,12,8,9.9,44.2,10.1,43.8,12.1,44.5,10.4,43.9,11.9
989417,Dry - mounted,Odonata,Cordulegastridae,Cordulegaster,Cordulegaster boltonii,m,12,8.1,10.1,43.7,9.7,42.9,12.7,44.1,9.7,42.9,12.6
989418,Dry - mounted,Odonata,Cordulegastridae,Cordulegaster,Cordulegaster boltonii,m,12.3,7.8,10.8,43.7,9.6,42.7,11.8,43.8,9.5,42.8,11.6
989422,Dry - mounted,Odonata,Cordulegastridae,Cordulegaster,Cordulegaster boltonii,m,11.4,8.4,11.7,43.7,9.4,42.5,11.6,43.2,9,42.1,12.1
989423,Dry - mounted,Odonata,Cordulegastridae,Cordulegaster,Cordulegaster boltonii,m,12.6,7.9,9.5,39.3,9.1,39.2,11.6,40.1,9,39.3,11.5
989458,Dry - mounted,Odonata,Corduliidae,Cordulia,Cordulia aenea,f,9.1,5.3,7.5,57,8.5,35.5,10.4,36.7,8.4,36.2,10.5
989450,Dry - mounted,Odonata,Corduliidae,Cordulia,Cordulia aenea,m,10.1,6.3,8.5,36.6,8.5,35.1,10.5,36.6,8.5,35.8,10.4
989460,Dry - mounted,Odonata,Corduliidae,Cordulia,Cordulia aenea,f,9,5.9,6.6,35.8,8.5,35,10.9,35.6,8.7,34.3,10.9
989452,Dry - mounted,Odonata,Corduliidae,Cordulia,Cordulia aenea,m,9.4,5.8,8.2,35.7,8.4,34.7,10.6,35.1,8.2,34.8,10.5
989459,Dry - mounted,Odonata,Corduliidae,Cordulia,Cordulia aenea,f,9.2,6.2,7.6,35.6,8.5,34.5,10.7,34.8,8.3,34.7,10.8
989457,Dry - mounted,Odonata,Corduliidae,Cordulia,Cordulia aenea,f,8.8,5.6,7.3,35.2,8.4,34.8,10.3,35.5,8.4,34.8,10.7
989461,Dry - mounted,Odonata,Corduliidae,Cordulia,Cordulia aenea,f,9,6,7,34.7,8,33.8,10,35,7.8,33.6,10.1
989449,Dry - mounted,Odonata,Corduliidae,Cordulia,Cordulia aenea,m,10.1,6.1,7.6,34.5,8,33.7,10.2,33.9,8.1,33.8,10.2
989453,Dry - mounted,Odonata,Corduliidae,Cordulia,Cordulia aenea,m,9.6,5.4,8.6,34.5,8,33.5,9.8,34.4,8,33.5,9.6
989456,Dry - mounted,Odonata,Corduliidae,Cordulia,Cordulia aenea,m,9.5,6.2,7.5,34.4,8,33.8,10.5,34.3,7.9,33.4,10.4
989451,Dry - mounted,Odonata,Corduliidae,Cordulia,Cordulia aenea,m,9.9,6.2,7.6,34,8.2,32.8,9.7,34.1,7.8,32.8,10.3
989462,Dry - mounted,Odonata,Corduliidae,Cordulia,Cordulia aenea,f,8.5,5.7,6.3,33.8,7.6,33.3,10,33.8,8.1,33.1,9.7
989455,Dry - mounted,Odonata,Corduliidae,Cordulia,Cordulia aenea,m,9,6,7.8,33.4,7.8,32.7,9.8,33.4,7.7,32.7,9.5
989454,Dry - mounted,Odonata,Corduliidae,Cordulia,Cordulia aenea,m,9.2,6,7.5,32.8,7.9,32.1,10.3,33.4,7.9,32.7,10.1
988010,Dry - mounted,Odonata,Calopterygidae,Enallagma,Enallagma cyathigerum,f,4.9,2.6,3.5,22.3,4.3,20.3,3.9,22.3,4.2,20.5,3.7
988012,Dry - mounted,Odonata,Calopterygidae,Enallagma,Enallagma cyathigerum,f,4.8,2.7,2.7,22.2,4.4,20.3,4.2,22.3,4.4,21,3.9
988016,Dry - mounted,Odonata,Calopterygidae,Enallagma,Enallagma cyathigerum,f,4.8,2.5,3,22.1,4.2,19.6,3.8,22,4.4,19.4,3.8
988011,Dry - mounted,Odonata,Calopterygidae,Enallagma,Enallagma cyathigerum,f,4.9,2.6,3.5,21.6,4.4,20.3,4.4,21.8,4.5,20.5,4.3
988007,Dry - mounted,Odonata,Calopterygidae,Enallagma,Enallagma cyathigerum,m,4.5,2.6,3.3,21.5,4,19.7,4.1,21.5,4.2,19.2,3.9
988003,Dry - mounted,Odonata,Calopterygidae,Enallagma,Enallagma cyathigerum,m,5,2.2,3.3,21,3.8,20,4,20.8,4.1,19.6,3.8
988015,Dry - mounted,Odonata,Calopterygidae,Enallagma,Enallagma cyathigerum,f,4.1,2.4,2.7,20.9,4.1,18.9,3.6,20.3,3.9,18.7,3.5
988006,Dry - mounted,Odonata,Calopterygidae,Enallagma,Enallagma cyathigerum,m,3.9,2.6,2.8,20.8,4.2,19,4.1,20.9,4.3,18.8,4.1
988009,Dry - mounted,Odonata,Calopterygidae,Enallagma,Enallagma cyathigerum,f,4,2.7,3,20.8,4,19.6,3.8,20.9,4,19.4,3.7
988004,Dry - mounted,Odonata,Calopterygidae,Enallagma,Enallagma cyathigerum,m,4.7,2.5,3.5,20.7,4.2,19.6,3.9,20.5,4.1,19.5,3.8
988008,Dry - mounted,Odonata,Calopterygidae,Enallagma,Enallagma cyathigerum,m,4.4,2.6,3.1,20.6,4.2,19.3,3.9,20.9,4,19.2,4
988002,Dry - mounted,Odonata,Calopterygidae,Enallagma,Enallagma cyathigerum,m,4.8,2.6,3.5,20.4,4.1,18.9,3.9,20.6,4,18.5,3.7
988014,Dry - mounted,Odonata,Calopterygidae,Enallagma,Enallagma cyathigerum,f,4.1,2.6,3.1,20.4,4.1,18.6,3.9,19.6,4.1,19.1,3.8
988013,Dry - mounted,Odonata,Calopterygidae,Enallagma,Enallagma cyathigerum,f,4.9,2.4,3.1,20.3,4.2,18.8,4,20.4,4.3,18.5,4.1
988001,Dry - mounted,Odonata,Calopterygidae,Enallagma,Enallagma cyathigerum,m,3.7,2.5,3.2,20.3,3.9,19.1,3.9,20.4,4,18.9,3.6
988005,Dry - mounted,Odonata,Calopterygidae,Enallagma,Enallagma cyathigerum,m,4.9,2.9,3.4,20.2,4,18.8,3.8,20.4,4.1,18.6,3.9
988090,Dry - mounted,Odonata,Coenagrionidae,Erythromma ,Erythromma najas,f,5.6,3.1,3.8,26.8,5.3,24.4,5.2,26.6,5.4,24.6,4.9
988092,Dry - mounted,Odonata,Coenagrionidae,Erythromma ,Erythromma najas,f,6.3,3.4,4.1,25.5,5.3,24,5,25.5,5.4,24,4.7
988096,Dry - mounted,Odonata,Coenagrionidae,Erythromma ,Erythromma najas,f,5.6,3.1,3.5,25.1,4.6,23.5,4.7,25.3,4.8,23.8,4.8
988093,Dry - mounted,Odonata,Coenagrionidae,Erythromma ,Erythromma najas,f,5.4,3,3.8,24.9,4.7,23.5,4.9,25,4.7,23.5,4.8
988095,Dry - mounted,Odonata,Coenagrionidae,Erythromma ,Erythromma najas,f,5.2,3.3,3.1,24.8,5,23.6,4.5,24.5,4.6,23.5,4.6
988091,Dry - mounted,Odonata,Coenagrionidae,Erythromma ,Erythromma najas,f,5.3,3,3.6,24.2,4.9,23,4.8,24.4,5.1,22.9,4.8
988081,Dry - mounted,Odonata,Coenagrionidae,Erythromma ,Erythromma najas,m,5.9,3.3,4,23.9,4.9,22.3,4.4,23.8,4.7,22.3,4.3
988094,Dry - mounted,Odonata,Coenagrionidae,Erythromma ,Erythromma najas,f,5.5,2.8,3.8,23.7,5.2,22.4,4.8,23.7,4.9,22.5,4.8
988084,Dry - mounted,Odonata,Coenagrionidae,Erythromma ,Erythromma najas,m,5.6,3.1,3.8,23.5,5,22.4,4.8,23.4,4.8,22.2,4.8
988088,Dry - mounted,Odonata,Coenagrionidae,Erythromma ,Erythromma najas,m,5.8,2.9,3.8,23,5,21.1,4.7,22.9,4.8,21.1,4.6
988089,Dry - mounted,Odonata,Coenagrionidae,Erythromma ,Erythromma najas,f,5.4,3.2,3.7,23,4.9,22,4.7,23.3,4.6,22.1,4.7
988086,Dry - mounted,Odonata,Coenagrionidae,Erythromma ,Erythromma najas,m,5.6,2.9,3.5,22.6,4.9,21.7,4.6,22.9,4.7,21.8,4.3
988085,Dry - mounted,Odonata,Coenagrionidae,Erythromma ,Erythromma najas,m,5.1,2.8,3.6,22.5,4.7,21.4,4.3,22.6,4.7,21.4,4.7
988083,Dry - mounted,Odonata,Coenagrionidae,Erythromma ,Erythromma najas,m,5.2,2.9,3.4,22.5,4.5,21.5,4.5,22.4,4.4,21.4,4.4
988087,Dry - mounted,Odonata,Coenagrionidae,Erythromma ,Erythromma najas,m,5.3,2.6,3.4,22.4,4.7,21.1,4.5,22.4,4.6,20.9,4.4
988082,Dry - mounted,Odonata,Coenagrionidae,Erythromma ,Erythromma najas,m,5.3,3,3.1,21.9,4.9,20.4,4.4,21.8,4.8,20.1,4.3
988170,Dry - mounted,Odonata,Gomphidae,Gomphus,Gomphus vulgatissimus,f,10.1,6.3,8,35.1,7.6,33.3,9.7,35,7.9,33.6,9.7
988173,Dry - mounted,Odonata,Gomphidae,Gomphus,Gomphus vulgatissimus,f,9.8,6.7,7.5,34.2,8.4,31.5,9.6,34.2,8.3,31.6,10.3
988174,Dry - mounted,Odonata,Gomphidae,Gomphus,Gomphus vulgatissimus,f,10.7,6.1,8,34.1,8.2,33.2,10,34.2,8.2,33.3,10
988175,Dry - mounted,Odonata,Gomphidae,Gomphus,Gomphus vulgatissimus,f,9.4,6,7.7,33.8,8.4,32.5,9.8,33.9,8.1,33.1,9.6
988171,Dry - mounted,Odonata,Gomphidae,Gomphus,Gomphus vulgatissimus,f,10.7,7,8,33.8,8.1,32,10.4,33.9,8.3,32.9,10.6
988172,Dry - mounted,Odonata,Gomphidae,Gomphus,Gomphus vulgatissimus,f,10,6.7,7.9,33.7,8.1,32.1,9.3,33.7,8.1,32.5,9.5
988176,Dry - mounted,Odonata,Gomphidae,Gomphus,Gomphus vulgatissimus,f,8.6,6.5,7.1,33.3,8.2,31.5,10.3,33.7,8.2,32.2,10.2
988169,Dry - mounted,Odonata,Gomphidae,Gomphus,Gomphus vulgatissimus,f,9.6,6.8,7.4,33.2,8,32.3,9.5,33.1,8,32.4,9.5
988164,Dry - mounted,Odonata,Gomphidae,Gomphus,Gomphus vulgatissimus,m,9.8,6.7,7.6,32.9,7.4,30.3,9.6,33,7.6,30.2,9.5
988163,Dry - mounted,Odonata,Gomphidae,Gomphus,Gomphus vulgatissimus,m,9.8,6.4,7.6,32.2,7.8,30.1,10,32,7.9,29.8,9.8
988165,Dry - mounted,Odonata,Gomphidae,Gomphus,Gomphus vulgatissimus,m,9.8,6.8,7.9,32,7.7,30.6,9.6,32,7.7,29.8,9.5
988167,Dry - mounted,Odonata,Gomphidae,Gomphus,Gomphus vulgatissimus,m,9.1,6,7.4,32,7.5,29.9,9.2,31.7,7.3,30,9.1
988162,Dry - mounted,Odonata,Gomphidae,Gomphus,Gomphus vulgatissimus,m,9.5,6.2,8,32,7.3,30,8.9,31.9,7.5,30,9
988168,Dry - mounted,Odonata,Gomphidae,Gomphus,Gomphus vulgatissimus,m,9,5.7,7.5,31.8,7.9,31.4,9.2,32.1,7.1,30.4,9.6
988161,Dry - mounted,Odonata,Gomphidae,Gomphus,Gomphus vulgatissimus,m,9.8,6.4,8,31.4,7.9,29,9.5,31.2,7.9,29.2,9.6
988166,Dry - mounted,Odonata,Gomphidae,Gomphus,Gomphus vulgatissimus,m,9.8,6.4,7.6,30.4,7.6,29.1,9.9,31,7.6,28.8,9.4
988026,Dry - mounted,Odonata,Coenagrionidae,Ischnura,Ischnura elegans,f,4.5,2.8,3.3,21.3,4.1,19.2,3.8,20.3,4.2,19.3,4.1
988028,Dry - mounted,Odonata,Coenagrionidae,Ischnura,Ischnura elegans,f,4.7,2.6,2.8,20.4,3.9,19.6,4.1,20.6,4.1,19.4,4
988029,Dry - mounted,Odonata,Coenagrionidae,Ischnura,Ischnura elegans,f,4.6,2.7,3.2,20.2,4,18.9,3.9,20,4.1,19.2,3.8
988025,Dry - mounted,Odonata,Coenagrionidae,Ischnura,Ischnura elegans,f,4.6,2.7,3.4,19.8,3.8,18.4,3.6,19.9,4,18.5,3.5
988030,Dry - mounted,Odonata,Coenagrionidae,Ischnura,Ischnura elegans,f,4.4,2.4,3.5,19.8,3.6,18.7,3.8,20.1,3.7,18.9,4
988031,Dry - mounted,Odonata,Coenagrionidae,Ischnura,Ischnura elegans,f,4.4,2.4,3,19.7,3.7,19.1,3.6,20.2,3.5,18.8,3.5
988017,Dry - mounted,Odonata,Coenagrionidae,Ischnura,Ischnura elegans,m,4.2,2.3,2.6,19.3,3.2,18.5,3.5,18.9,3.5,18.3,3.5
988032,Dry - mounted,Odonata,Coenagrionidae,Ischnura,Ischnura elegans,f,4,2.6,2.9,18.9,3.4,18.2,3.6,19,3.1,17.9,3.6
988027,Dry - mounted,Odonata,Coenagrionidae,Ischnura,Ischnura elegans,f,4.3,2.2,3.4,18.7,3.9,17.9,3.8,19.5,3.8,17.7,3.9
988021,Dry - mounted,Odonata,Coenagrionidae,Ischnura,Ischnura elegans,m,4.6,2.6,2.9,18.2,3.6,17.5,3.3,17.8,3.2,17.4,3.4
988020,Dry - mounted,Odonata,Coenagrionidae,Ischnura,Ischnura elegans,m,4.2,2.3,3,17.9,3.5,16.9,3.4,17.9,3.5,16.7,3.6
988022,Dry - mounted,Odonata,Coenagrionidae,Ischnura,Ischnura elegans,m,4.3,2.6,3.4,17.8,3.6,16.8,3.3,17.9,3.6,16.6,3.4
988018,Dry - mounted,Odonata,Coenagrionidae,Ischnura,Ischnura elegans,m,3.9,2.4,2.7,17.7,3.4,16.8,3.6,17.8,3.5,16.6,3.4
988023,Dry - mounted,Odonata,Coenagrionidae,Ischnura,Ischnura elegans,m,4.4,2.2,3,17.5,3.6,16.7,3.3,17.6,3.3,16.6,3.4
988024,Dry - mounted,Odonata,Coenagrionidae,Ischnura,Ischnura elegans,m,4,2.1,3.1,17.3,3.3,16.2,3.2,16.8,3.2,16.4,3.2
988019,Dry - mounted,Odonata,Coenagrionidae,Ischnura,Ischnura elegans,m,3.4,2.2,2.9,16.8,3.5,15.3,3.4,16.9,3.5,15.2,3.4
988078,Dry - mounted,Odonata,Coenagrionidae,Ischnura,Ischnura pumilio,f,4.2,2.5,2.8,19.6,4.1,18.5,4,19.5,4,18.5,4.2
988074,Dry - mounted,Odonata,Coenagrionidae,Ischnura,Ischnura pumilio,f,4.5,2.7,3,19.4,4.1,18.3,3.5,19,4,18.2,3.7
988073,Dry - mounted,Odonata,Coenagrionidae,Ischnura,Ischnura pumilio,f,3.9,2.5,2.5,18.9,4,17.8,3.7,18.6,3.7,17.5,3.7
988076,Dry - mounted,Odonata,Coenagrionidae,Ischnura,Ischnura pumilio,f,4.9,2.4,2.5,18.8,3.7,17.4,3.7,18.6,3.9,17.6,3.9
988069,Dry - mounted,Odonata,Coenagrionidae,Ischnura,Ischnura pumilio,m,4.5,2.3,2.7,18.5,3.9,17.7,3.8,18.3,3.8,17.7,3.7
988080,Dry - mounted,Odonata,Coenagrionidae,Ischnura,Ischnura pumilio,f,4,2.3,2.5,18.4,3.9,17.1,3.8,18.5,3.7,17.1,3.8
988075,Dry - mounted,Odonata,Coenagrionidae,Ischnura,Ischnura pumilio,f,4.1,2.4,2.6,18.4,3.8,17.8,3.6,18.4,4,17.6,3.5
988077,Dry - mounted,Odonata,Coenagrionidae,Ischnura,Ischnura pumilio,f,4.1,2.5,2.7,18.1,3.6,16.9,3.6,18,3.5,16.7,3.2
988079,Dry - mounted,Odonata,Coenagrionidae,Ischnura,Ischnura pumilio,f,3.9,2.3,2.2,18,3.6,17,3.3,18.1,3.8,17.1,3.5
988068,Dry - mounted,Odonata,Coenagrionidae,Ischnura,Ischnura pumilio,m,4.3,2.4,2.3,17.6,3.6,16.1,3.6,17.6,3.9,16.7,3.4
988067,Dry - mounted,Odonata,Coenagrionidae,Ischnura,Ischnura pumilio,m,3.6,2.3,2.7,17.4,3.7,16,3.4,17.4,3.8,16.3,3.4
988071,Dry - mounted,Odonata,Coenagrionidae,Ischnura,Ischnura pumilio,m,4.2,2.4,2.4,17.1,3.4,16.5,3.5,17.2,3.6,16.5,3.6
988066,Dry - mounted,Odonata,Coenagrionidae,Ischnura,Ischnura pumilio,m,3.8,2.2,3,17.1,3.2,16.4,3.2,16.8,3.2,16.1,3.5
988072,Dry - mounted,Odonata,Coenagrionidae,Ischnura,Ischnura pumilio,m,4.2,2.4,2.3,16.8,3.6,16.4,3.7,17,3.8,16.4,3.7
988065,Dry - mounted,Odonata,Coenagrionidae,Ischnura,Ischnura pumilio,m,3.6,2.1,2.6,16.7,3.2,15.3,3.1,16.3,3.2,15.1,3.5
988070,Dry - mounted,Odonata,Coenagrionidae,Ischnura,Ischnura pumilio,m,4.1,2.3,2.4,16.6,3.7,16.4,3.5,16.5,3.7,16.5,3.4
988224,Dry - mounted,Odonata,Lestidae,Lestes,Lestes dryas,f,7.1,3.6,4,26.9,6.5,25.5,5.9,27,6.6,25.6,6.1
988223,Dry - mounted,Odonata,Lestidae,Lestes,Lestes dryas,f,4.7,3.5,3.6,26.7,5.8,25.8,5.9,26.6,5.8,25.4,5.9
988218,Dry - mounted,Odonata,Lestidae,Lestes,Lestes dryas,f,6.6,3.5,3.8,26.6,6.4,24.7,6,26.6,6.4,24.9,6
988220,Dry - mounted,Odonata,Lestidae,Lestes,Lestes dryas,f,6.5,3.8,4.4,26.6,6.2,24.5,6.1,26.2,6.1,24.8,6
988222,Dry - mounted,Odonata,Lestidae,Lestes,Lestes dryas,f,5.7,3.5,4.3,26.5,5.2,25.7,5.6,26.3,5.2,24.9,5.7
988219,Dry - mounted,Odonata,Lestidae,Lestes,Lestes dryas,f,6.5,3.6,4,26.2,6.2,25.1,6.2,26.5,6.1,24.6,5.9
988217,Dry - mounted,Odonata,Lestidae,Lestes,Lestes dryas,f,6.2,3.3,3.7,25.9,5.6,24.1,5.2,25.7,5.7,24.4,5.1
988216,Dry - mounted,Odonata,Lestidae,Lestes,Lestes dryas,m,5.6,3.3,3.6,24.9,5.8,23.4,5,24.9,5.7,23.8,5.3
988209,Dry - mounted,Odonata,Lestidae,Lestes,Lestes dryas,m,5.9,3.3,4.6,24.8,5.5,23.7,5.1,24.5,5.4,23.6,4.9
988215,Dry - mounted,Odonata,Lestidae,Lestes,Lestes dryas,m,5.6,3.2,4.1,24,5.5,22.4,5.6,23.9,5.4,22.6,5.6
988212,Dry - mounted,Odonata,Lestidae,Lestes,Lestes dryas,m,5.2,3.2,3.5,23.9,5.4,23.1,5.4,23.9,5.4,23.1,5.6
988221,Dry - mounted,Odonata,Lestidae,Lestes,Lestes dryas,f,5.3,3.1,3.1,23.5,5.7,22.7,4.7,23.3,5.5,23.4,5.4
988213,Dry - mounted,Odonata,Lestidae,Lestes,Lestes dryas,m,5.1,3.3,4,23.4,5.4,23.1,4.9,23.4,5.3,23.2,5.3
988210,Dry - mounted,Odonata,Lestidae,Lestes,Lestes dryas,m,5.7,3.3,4.4,23.2,5.4,22.4,5.6,23.2,5.4,22.3,5.3
988214,Dry - mounted,Odonata,Lestidae,Lestes,Lestes dryas,m,5.3,3.2,3.7,22.6,5,21.2,5.2,22.8,5.3,21.5,4.9
988211,Dry - mounted,Odonata,Lestidae,Lestes,Lestes dryas,m,4.9,3,3.3,22.6,4.9,21.7,4.5,22.5,5,21.6,4.5
988240,Dry - mounted,Odonata,Lestidae,Lestes,Lestes sponsa,f,6,3.1,3.3,24.9,5.5,24,5.1,24.9,5.6,23.9,5.2
988238,Dry - mounted,Odonata,Lestidae,Lestes,Lestes sponsa,f,5.1,3.2,4.1,24.9,5.5,24,5.3,24.8,5.6,23.9,5.3
988239,Dry - mounted,Odonata,Lestidae,Lestes,Lestes sponsa,f,5.9,3,3.4,23.8,4.8,22.8,4.7,23.6,4.7,22.7,4.4
988236,Dry - mounted,Odonata,Lestidae,Lestes,Lestes sponsa,f,5.6,3,3.1,23.6,5.4,23,4.9,23.4,5.5,22.7,5
988235,Dry - mounted,Odonata,Lestidae,Lestes,Lestes sponsa,f,5.4,2.9,2.8,23.1,5.1,22.3,4.8,23,5.1,22.5,4.9
988234,Dry - mounted,Odonata,Lestidae,Lestes,Lestes sponsa,f,6,2.9,3.4,22.8,4.4,22,4.4,22.6,4.6,21.8,4.1
988233,Dry - mounted,Odonata,Lestidae,Lestes,Lestes sponsa,f,4.8,2.8,3.1,22.7,5.1,22.1,4.6,22.4,4.9,22.1,4.8
988231,Dry - mounted,Odonata,Lestidae,Lestes,Lestes sponsa,m,5.3,2.8,3.4,22.6,4.7,22,4.4,22.3,4.7,22.3,4.3
988237,Dry - mounted,Odonata,Lestidae,Lestes,Lestes sponsa,f,5.5,2.7,3.3,22.4,4.7,21.4,4.7,22.2,4.4,21.5,4.4
988232,Dry - mounted,Odonata,Lestidae,Lestes,Lestes sponsa,m,5.2,3,3.5,22.3,5.1,21.6,4.9,22.2,5.1,21.8,5
988227,Dry - mounted,Odonata,Lestidae,Lestes,Lestes sponsa,m,5.4,2.9,3.3,21.8,4.5,20.8,4.2,22,4.5,20.8,4.2
988228,Dry - mounted,Odonata,Lestidae,Lestes,Lestes sponsa,m,4.8,2.8,2.9,21.7,4.8,21.4,4.4,21.9,4.9,21.6,4.4
988226,Dry - mounted,Odonata,Lestidae,Lestes,Lestes sponsa,m,5.3,2.8,3.2,21.5,4.5,20.2,4.4,21.2,4.7,20.7,4.5
988229,Dry - mounted,Odonata,Lestidae,Lestes,Lestes sponsa,m,4.7,2.8,3.2,21.3,4.3,20,4.3,21.4,4.5,19.9,4.1
988225,Dry - mounted,Odonata,Lestidae,Lestes,Lestes sponsa,m,4.8,2.9,3.1,20.9,4.6,19.8,4.4,20.9,4.5,20.1,4.3
988230,Dry - mounted,Odonata,Lestidae,Lestes,Lestes sponsa,m,4.5,2.2,3.2,19.8,4.2,19,4,19.9,4.2,18.7,4.1
989550,Dry - mounted,Odonata,Libellulidae,Leucorrhinia,Leucorrhinia dubia,m,7.1,4.3,5.8,29.3,7.7,28,9.4,29,7.4,28,9.2
989548,Dry - mounted,Odonata,Libellulidae,Leucorrhinia,Leucorrhinia dubia,m,7.6,4.4,6.2,28.7,7,28.4,8.7,29.1,7.1,28.2,8.6
989553,Dry - mounted,Odonata,Libellulidae,Leucorrhinia,Leucorrhinia dubia,f,7,4.2,6,28.5,7.5,27.3,9,28.3,7.4,27.2,9.1
989547,Dry - mounted,Odonata,Libellulidae,Leucorrhinia,Leucorrhinia dubia,m,7.1,4.5,6.6,28.3,7.3,27.3,9.1,28.3,7.4,27.3,9.4
989545,Dry - mounted,Odonata,Libellulidae,Leucorrhinia,Leucorrhinia dubia,m,7,4,5.1,28.3,7.1,27,9.1,28.3,7.3,27.3,9.2
989557,Dry - mounted,Odonata,Libellulidae,Leucorrhinia,Leucorrhinia dubia,f,7,4.4,5.5,28.2,7.2,27,8.8,28.3,7.2,26.8,8.8
989546,Dry - mounted,Odonata,Libellulidae,Leucorrhinia,Leucorrhinia dubia,m,7.1,4,6.1,28.2,7.1,27,9.1,28.2,7.3,26.9,9
989559,Dry - mounted,Odonata,Libellulidae,Leucorrhinia,Leucorrhinia dubia,f,7.1,4.4,5.8,28.1,6.9,26.9,8.9,27.9,7.2,27,9.1
989560,Dry - mounted,Odonata,Libellulidae,Leucorrhinia,Leucorrhinia dubia,f,7.1,3.8,6.4,27.9,7.5,27.6,9.3,28.3,7.6,27.4,9.5
989556,Dry - mounted,Odonata,Libellulidae,Leucorrhinia,Leucorrhinia dubia,f,6.3,4,6.2,27.9,7.4,27.3,9.4,28,7.4,27.3,9.1
989552,Dry - mounted,Odonata,Libellulidae,Leucorrhinia,Leucorrhinia dubia,m,7.1,4.2,5.7,27.8,6.9,27,8.6,27.9,7.1,27.1,8.5
989555,Dry - mounted,Odonata,Libellulidae,Leucorrhinia,Leucorrhinia dubia,f,6.8,3.8,6.3,27.5,7.1,26.3,8.5,26.7,7,26,8.6
989549,Dry - mounted,Odonata,Libellulidae,Leucorrhinia,Leucorrhinia dubia,m,7.1,3.8,5.8,27.2,7.1,26.2,8.6,27.3,7.2,26.2,8.6
989558,Dry - mounted,Odonata,Libellulidae,Leucorrhinia,Leucorrhinia dubia,f,6.8,4.5,6.2,27,6.9,25.5,8.5,27.1,7.1,25.9,8.6
989551,Dry - mounted,Odonata,Libellulidae,Leucorrhinia,Leucorrhinia dubia,m,6.4,3.9,6.3,26.7,7.2,24.9,7.7,26.4,6.6,24.8,4
989554,Dry - mounted,Odonata,Libellulidae,Leucorrhinia,Leucorrhinia dubia,f,7.1,3.9,5.5,25.5,6.5,24.2,7.9,25.6,6.7,24.1,7.9
988333,Dry - mounted,Odonata,Libellulidae,Libellula,Libellula depressa,f,11.8,7.8,8,41.7,9.3,39.5,12.8,41.5,9.6,39.5,12.9
988330,Dry - mounted,Odonata,Libellulidae,Libellula,Libellula depressa,f,11.5,7.4,7.9,40.6,9.4,39.4,13,40.6,9.4,39.4,13
988322,Dry - mounted,Odonata,Libellulidae,Libellula,Libellula depressa,m,13.7,7.7,8.5,40.2,8.9,38,12.5,40.2,8.8,37.8,12.7
988325,Dry - mounted,Odonata,Libellulidae,Libellula,Libellula depressa,m,11.9,7.8,8.3,40,8.9,37.7,12.5,40.1,9.1,38.2,12.5
988336,Dry - mounted,Odonata,Libellulidae,Libellula,Libellula depressa,f,11.1,7.1,7.8,39.8,9.2,37.9,12.9,39.8,9.4,38.4,12.9
988323,Dry - mounted,Odonata,Libellulidae,Libellula,Libellula depressa,m,12.1,7.8,9,39.5,8.5,37.8,12.3,39,9.2,37.7,12.7
988329,Dry - mounted,Odonata,Libellulidae,Libellula,Libellula depressa,f,12.3,7.9,8.6,39.4,9.6,38.4,12.9,39.6,9.8,38.5,12.6
988335,Dry - mounted,Odonata,Libellulidae,Libellula,Libellula depressa,f,11.6,7.4,7.5,39.2,9.4,38,12.4,39.7,9.5,38.1,13.1
988332,Dry - mounted,Odonata,Libellulidae,Libellula,Libellula depressa,f,11.7,7.1,8,39.1,8.9,37.7,12.5,38.8,9,37.7,12.4
988324,Dry - mounted,Odonata,Libellulidae,Libellula,Libellula depressa,m,11.5,7.2,8.7,38.8,8.7,37.3,12.1,39.2,8.6,36.9,12.2
988334,Dry - mounted,Odonata,Libellulidae,Libellula,Libellula depressa,f,11.6,7.8,8.6,38.7,9.1,37.9,12.5,38.4,9,38.2,12.6
988328,Dry - mounted,Odonata,Libellulidae,Libellula,Libellula depressa,m,12.5,8,8.6,38.1,8.1,36,12,37.8,8,35.9,11.8
988331,Dry - mounted,Odonata,Libellulidae,Libellula,Libellula depressa,f,12,7.8,8.3,37.9,9.2,35.6,12.5,37.8,9.3,35.9,12.3
988321,Dry - mounted,Odonata,Libellulidae,Libellula,Libellula depressa,m,12.4,7.5,8.5,37.9,8.4,37.7,12.3,39.1,8.8,37.8,12.3
988326,Dry - mounted,Odonata,Libellulidae,Libellula,Libellula depressa,m,12.4,7.9,8.9,37.8,8.4,36.7,11.4,38.4,8.5,37.2,11.4
988327,Dry - mounted,Odonata,Libellulidae,Libellula,Libellula depressa,m,12.3,7.4,7.8,36.5,8.4,36.1,12.4,36.6,8.4,35.9,12.2
989567,Dry - mounted,Odonata,Libellulidae,Leucorrhinia,Libellula fulva,m,10.2,6.7,7.2,38.6,8.5,37.2,11.9,38.3,8.5,37.7,11.7
989565,Dry - mounted,Odonata,Libellulidae,Leucorrhinia,Libellula fulva,m,10.3,6.8,7.3,38.5,8.8,38.2,11.9,38.7,8.9,37.9,12.3
989570,Dry - mounted,Odonata,Libellulidae,Leucorrhinia,Libellula fulva,f,9.9,6.5,7.2,38.3,8.4,37.9,12.2,38.3,8.5,37.2,11.6
989563,Dry - mounted,Odonata,Libellulidae,Leucorrhinia,Libellula fulva,m,10.2,7.2,7.4,38,8.3,37.8,11.7,38,8.3,37.9,11.5
989564,Dry - mounted,Odonata,Libellulidae,Leucorrhinia,Libellula fulva,m,11,6.9,7.4,37.5,8.8,37.3,11.8,37.5,8.7,36.9,11.9
989574,Dry - mounted,Odonata,Libellulidae,Leucorrhinia,Libellula fulva,f,9.8,6.4,8,37.5,8.7,37.1,11.9,37.8,8.3,36.9,11.9
989566,Dry - mounted,Odonata,Libellulidae,Leucorrhinia,Libellula fulva,m,11.6,6.7,7.4,37.5,8.5,37,11.9,37.6,8.6,37,11.76
989562,Dry - mounted,Odonata,Libellulidae,Leucorrhinia,Libellula fulva,m,10.8,6.9,7.1,37.3,8.2,37.4,10.9,37.3,8,37.2,11.4
989568,Dry - mounted,Odonata,Libellulidae,Leucorrhinia,Libellula fulva,m,11.1,6.7,7.6,36.9,8.5,36.7,11.6,37.2,8.6,36.9,11.6
989561,Dry - mounted,Odonata,Libellulidae,Leucorrhinia,Libellula fulva,m,9.2,6.2,7.1,36.8,7.9,36.6,11.3,36.6,8.3,36.3,11.3
989573,Dry - mounted,Odonata,Libellulidae,Leucorrhinia,Libellula fulva,f,9.6,6.5,6.9,36.4,8.6,35.9,11.3,36.4,8.7,35.8,11.3
989576,Dry - mounted,Odonata,Libellulidae,Leucorrhinia,Libellula fulva,f,9.8,7.5,7.6,36.2,8.8,36.5,12.3,36.3,8.9,36.1,12.3
989572,Dry - mounted,Odonata,Libellulidae,Leucorrhinia,Libellula fulva,f,10.5,6.6,7.7,36.1,8.5,36.5,11.3,36.1,8.3,36.4,11.7
989575,Dry - mounted,Odonata,Libellulidae,Leucorrhinia,Libellula fulva,f,10,7,7.5,35.9,8.6,35.1,11.3,35.9,8.7,35,11.6
989569,Dry - mounted,Odonata,Libellulidae,Leucorrhinia,Libellula fulva,f,9.7,6.7,7.4,35.7,7.3,35.9,11.3,35.7,8.3,35.5,11.3
989571,Dry - mounted,Odonata,Libellulidae,Leucorrhinia,Libellula fulva,f,10.1,5.8,7.1,35.4,8.1,35.2,11.3,35.5,8.2,34.7,11.6
988314,Dry - mounted,Odonata,Libellulidae,Libellula,Libellula quadrimaculata,f,11.4,7.6,8.7,40,8.9,38.9,12.5,39.8,9.1,38.3,12.4
988310,Dry - mounted,Odonata,Libellulidae,Libellula,Libellula quadrimaculata,m,11.8,7.8,7.6,39.9,8.4,37.9,12.5,39.6,8.3,38.1,11.9
988317,Dry - mounted,Odonata,Libellulidae,Libellula,Libellula quadrimaculata,f,11,7.4,8.6,39.8,9,38.3,12.3,39.6,8.8,38.3,12.4
988307,Dry - mounted,Odonata,Libellulidae,Libellula,Libellula quadrimaculata,m,11.5,7.8,8.8,39.1,8.3,38.3,12.1,39.2,8.4,37.8,11.8
988318,Dry - mounted,Odonata,Libellulidae,Libellula,Libellula quadrimaculata,f,10.5,6.4,7.7,38.5,9,36.9,12.1,38.3,8.6,36.5,12.4
988309,Dry - mounted,Odonata,Libellulidae,Libellula,Libellula quadrimaculata,m,11.1,7.1,8.4,38.2,8.6,37,11.5,38.1,8.8,27.1,11.2
988308,Dry - mounted,Odonata,Libellulidae,Libellula,Libellula quadrimaculata,m,11.5,7.4,8,38.1,8.5,37.5,11.5,38,8.6,37.2,11.2
988319,Dry - mounted,Odonata,Libellulidae,Libellula,Libellula quadrimaculata,f,10.2,6.4,7.6,38,9.4,36.6,12,37.8,9.1,36.1,12.3
988305,Dry - mounted,Odonata,Libellulidae,Libellula,Libellula quadrimaculata,m,11.8,7.9,7.6,38,8.5,37.7,11.7,38.1,8.4,37.5,12
988315,Dry - mounted,Odonata,Libellulidae,Libellula,Libellula quadrimaculata,f,11.3,7.8,8.7,38,8.5,37.9,11.8,38,8.9,37.9,11.9
988320,Dry - mounted,Odonata,Libellulidae,Libellula,Libellula quadrimaculata,f,11,7.5,8.4,37.5,8.9,35.3,11.4,36.5,8.9,35.4,11.7
988306,Dry - mounted,Odonata,Libellulidae,Libellula,Libellula quadrimaculata,m,11.7,8,8.6,37.1,8.7,38,11.3,39.1,9,38.4,11.3
988312,Dry - mounted,Odonata,Libellulidae,Libellula,Libellula quadrimaculata,m,11.5,7.1,8,36.7,7.5,35.4,10.3,36.9,7.9,35.3,10.8
988313,Dry - mounted,Odonata,Libellulidae,Libellula,Libellula quadrimaculata,f,9.3,7.3,8,36.1,8.2,35.1,11.3,36.1,8.2,35.4,11.5
988311,Dry - mounted,Odonata,Libellulidae,Libellula,Libellula quadrimaculata,m,10.1,7.3,7.6,34.9,7.9,33.7,10.7,34.9,8.1,33.2,10.4
988316,Dry - mounted,Odonata,Libellulidae,Libellula,Libellula quadrimaculata,f,9.7,6.3,7.4,34.8,7.8,33.4,10.9,34.8,8,33.3,11
988342,Dry - mounted,Odonata,Libellulidae,Orthetrum,Orthetrum cancellatum,m,12,7.3,8.9,41.9,11.6,40.3,13.2,42.3,11.6,40.3,13.4
988349,Dry - mounted,Odonata,Libellulidae,Orthetrum,Orthetrum cancellatum,f,11.8,6.8,8,41.3,9.2,39.3,12.4,40.9,9.3,39.3,12.5
988339,Dry - mounted,Odonata,Libellulidae,Orthetrum,Orthetrum cancellatum,m,11.4,7.2,7.9,41.2,9.2,39.5,12.9,41,9.6,39.5,13
988348,Dry - mounted,Odonata,Libellulidae,Orthetrum,Orthetrum cancellatum,f,12,6.9,8.9,41,9.8,40.3,13.1,41.2,9.6,39.9,13
988346,Dry - mounted,Odonata,Libellulidae,Orthetrum,Orthetrum cancellatum,f,11.9,6.3,8.6,40.9,9.5,39.4,13.2,40.7,9.6,39.6,13.1
988345,Dry - mounted,Odonata,Libellulidae,Orthetrum,Orthetrum cancellatum,f,11.7,7.6,8.6,40.7,9.7,39.2,12.5,40.7,9.8,39.3,12.6
988344,Dry - mounted,Odonata,Libellulidae,Orthetrum,Orthetrum cancellatum,m,12.3,6.7,8.5,40.3,9.3,39.5,13.4,40.7,9.1,38.9,13.3
988343,Dry - mounted,Odonata,Libellulidae,Orthetrum,Orthetrum cancellatum,m,11.2,7,8.4,40.1,9.3,38.5,12.4,39.9,9.4,37.9,12.3
988350,Dry - mounted,Odonata,Libellulidae,Orthetrum,Orthetrum cancellatum,f,9.9,6.5,7.1,39.4,9.7,37.6,11.5,38.9,9.1,37.7,11.4
988337,Dry - mounted,Odonata,Libellulidae,Orthetrum,Orthetrum cancellatum,m,10.5,5.9,8,39.4,9,37.9,11.9,39.3,9.2,38.3,11.9
988338,Dry - mounted,Odonata,Libellulidae,Orthetrum,Orthetrum cancellatum,m,11.5,6.9,8.4,39.3,8.8,38.7,12.8,39.4,9,38.6,12.6
988341,Dry - mounted,Odonata,Libellulidae,Orthetrum,Orthetrum cancellatum,m,11,7,7.9,39.3,8.6,37.5,12.6,39.3,9,37.6,12.6
988340,Dry - mounted,Odonata,Libellulidae,Orthetrum,Orthetrum cancellatum,m,11.3,7.1,7.2,38.8,9.1,37.6,12.5,38.5,9.3,37.4,12.6
988352,Dry - mounted,Odonata,Libellulidae,Orthetrum,Orthetrum cancellatum,f,11.2,6.4,8,38.6,8.6,37.4,12.1,38.6,9,37.1,12.1
988347,Dry - mounted,Odonata,Libellulidae,Orthetrum,Orthetrum cancellatum,f,11.6,6.9,8.8,38.3,8.9,37.2,12.2,38.4,8.8,37,12.2
988351,Dry - mounted,Odonata,Libellulidae,Orthetrum,Orthetrum cancellatum,f,11.1,6.2,7.8,37.5,9,36.2,12.2,37.5,9.1,37.1,12.1
988356,Dry - mounted,Odonata,Libellulidae,Orthetrum,Orthetrum coerulescens,m,9.4,6.3,7.1,33.8,7.9,32.4,10.4,33.2,7.7,32.2,10.3
988358,Dry - mounted,Odonata,Libellulidae,Orthetrum,Orthetrum coerulescens,m,9.5,5.8,6.6,33.6,7.8,32.4,10.6,32.2,8.3,31.8,10.5
988355,Dry - mounted,Odonata,Libellulidae,Orthetrum,Orthetrum coerulescens,m,10.7,5.3,7.2,33.1,8,31.6,10.7,32.7,8.3,31.8,10.7
988359,Dry - mounted,Odonata,Libellulidae,Orthetrum,Orthetrum coerulescens,m,9.2,5.2,7,33,8.3,32.2,10.7,33.1,8.4,32,10.8
988357,Dry - mounted,Odonata,Libellulidae,Orthetrum,Orthetrum coerulescens,m,9.4,5.1,6.7,32.7,8.4,31.9,10,32.6,8.4,32,10.7
988368,Dry - mounted,Odonata,Libellulidae,Orthetrum,Orthetrum coerulescens,f,8.9,5,6.9,32.2,7.9,29.4,10.5,31.7,8.3,29.2,10.6
988353,Dry - mounted,Odonata,Libellulidae,Orthetrum,Orthetrum coerulescens,m,8.8,5.3,7,32.2,7.8,29.8,10,31.9,7.8,30,10
988360,Dry - mounted,Odonata,Libellulidae,Orthetrum,Orthetrum coerulescens,m,8.6,5.2,6.4,32,7.9,30.3,10.8,31.7,7.9,30.6,10.4
988354,Dry - mounted,Odonata,Libellulidae,Orthetrum,Orthetrum coerulescens,m,9.5,4.7,6.3,31.7,7.6,30,9.6,31.3,7.9,30,9.7
988363,Dry - mounted,Odonata,Libellulidae,Orthetrum,Orthetrum coerulescens,f,9.3,5.3,7,31.3,7.9,30.9,10.2,31.2,8,30.5,10
988361,Dry - mounted,Odonata,Libellulidae,Orthetrum,Orthetrum coerulescens,f,9.1,5.4,6.5,31.2,8.5,30.4,10.4,31.1,8.3,30.2,10.4
988364,Dry - mounted,Odonata,Libellulidae,Orthetrum,Orthetrum coerulescens,f,9.1,5.2,6.4,30.9,8,29.8,9.4,31.2,8.2,30,9.8
988366,Dry - mounted,Odonata,Libellulidae,Orthetrum,Orthetrum coerulescens,f,9,5.3,6.9,30.6,8.6,30,10.3,30.6,8.5,30.1,10.1
988367,Dry - mounted,Odonata,Libellulidae,Orthetrum,Orthetrum coerulescens,f,9.8,5.1,6.1,30.2,8.1,29.7,9.5,30.3,7.9,29.6,10
988365,Dry - mounted,Odonata,Libellulidae,Orthetrum,Orthetrum coerulescens,f,8.2,4.1,7.1,30.1,7.8,28.9,9.9,30,7.8,28.4,9.9
988362,Dry - mounted,Odonata,Libellulidae,Orthetrum,Orthetrum coerulescens,f,8.8,4.8,7.6,29.5,7.5,28.8,9.3,29.7,7.6,29,9.2
988057,Dry - mounted,Odonata,Platycnemididae,Platycnemis,Platycnemis pennipes,f,4.9,2.9,3,24.9,4.8,23.4,4.5,24.8,4.7,23.5,4.5
988061,Dry - mounted,Odonata,Platycnemididae,Platycnemis,Platycnemis pennipes,f,5.1,3.2,3.3,24.7,4.6,22.3,4.1,24.1,4.9,22.5,4.7
988064,Dry - mounted,Odonata,Platycnemididae,Platycnemis,Platycnemis pennipes,f,4.7,2.3,3.9,24.3,4.6,24.1,4.5,24.5,4.7,23.8,4.5
988058,Dry - mounted,Odonata,Platycnemididae,Platycnemis,Platycnemis pennipes,f,5.1,2.6,3.8,24,4.7,22.9,3.5,24.3,4.5,23.6,4.4
988059,Dry - mounted,Odonata,Platycnemididae,Platycnemis,Platycnemis pennipes,f,5.1,2.9,3.4,23.9,5,22.9,4.7,24.1,4.8,23.1,4.8
988060,Dry - mounted,Odonata,Platycnemididae,Platycnemis,Platycnemis pennipes,f,5.1,2.5,3.2,23.9,4.1,22.8,4.9,24,4.5,22.8,4.7
988054,Dry - mounted,Odonata,Platycnemididae,Platycnemis,Platycnemis pennipes,m,4.8,2.8,3.5,23.5,4.4,21.7,4.2,23.2,4.6,22.2,4.2
988049,Dry - mounted,Odonata,Platycnemididae,Platycnemis,Platycnemis pennipes,m,5.6,2.8,3.2,23.3,4,21.8,4.4,23.7,4.3,21.8,4.2
988063,Dry - mounted,Odonata,Platycnemididae,Platycnemis,Platycnemis pennipes,f,4.2,2.1,3.1,23.2,4.4,22.6,4.2,23.5,4.5,22.9,4.2
988062,Dry - mounted,Odonata,Platycnemididae,Platycnemis,Platycnemis pennipes,f,4.7,2.8,3.2,23.2,4.1,21.3,3.9,22.9,4.4,21.3,3.8
988050,Dry - mounted,Odonata,Platycnemididae,Platycnemis,Platycnemis pennipes,m,5.3,2.6,2.9,22.9,4.6,21.8,4.5,22.9,4.5,22,4.2
988056,Dry - mounted,Odonata,Platycnemididae,Platycnemis,Platycnemis pennipes,m,4.5,2.4,3.3,22.7,4.2,21.3,4.4,22.8,4.3,21.3,4.7
988051,Dry - mounted,Odonata,Platycnemididae,Platycnemis,Platycnemis pennipes,m,4.5,2.6,3.1,22.7,4.1,21,4.3,23,4.2,21.6,4.3
988053,Dry - mounted,Odonata,Platycnemididae,Platycnemis,Platycnemis pennipes,m,4.9,2.7,2.9,22.5,4.7,21.1,4.2,22.3,4.2,21.4,4.1
988055,Dry - mounted,Odonata,Platycnemididae,Platycnemis,Platycnemis pennipes,m,4.7,2.5,3,22.4,4.3,21.8,4.1,22.7,4.4,22.1,4.4
988052,Dry - mounted,Odonata,Platycnemididae,Platycnemis,Platycnemis pennipes,m,4.4,2.5,3.1,21.8,4.3,20.5,4.1,22.3,4.2,20.2,4.2
988252,Dry - mounted,Odonata,Coenagrionidae,Pyrrhosoma ,Pyrrhosoma nymphula,f,4.7,2.8,2.6,24.9,4.6,23.1,4.3,24.8,4.6,23.3,4.3
988246,Dry - mounted,Odonata,Coenagrionidae,Pyrrhosoma ,Pyrrhosoma nymphula,m,5.3,3.1,3,23.7,4.6,22.4,4.2,24,4.4,22.4,4.2
988244,Dry - mounted,Odonata,Coenagrionidae,Pyrrhosoma ,Pyrrhosoma nymphula,m,5,3.1,3.3,23.6,4.8,22.3,4.3,23.3,4.8,22.2,4.6
988250,Dry - mounted,Odonata,Coenagrionidae,Pyrrhosoma ,Pyrrhosoma nymphula,f,3.8,2.3,2.1,23.6,4.4,22.5,3.8,23.4,4.4,22.1,3.8
988248,Dry - mounted,Odonata,Coenagrionidae,Pyrrhosoma ,Pyrrhosoma nymphula,m,5.5,3.3,3.2,23.5,4.8,22.3,4.7,23.2,4.7,22.4,4.6
988245,Dry - mounted,Odonata,Coenagrionidae,Pyrrhosoma ,Pyrrhosoma nymphula,m,5.2,3.1,3.2,23.4,4.8,22.3,4.7,23.3,4.7,22.6,4.8
988253,Dry - mounted,Odonata,Coenagrionidae,Pyrrhosoma ,Pyrrhosoma nymphula,f,4.3,2.6,2.5,23.3,4.4,22.4,4.1,23.4,4.3,22.1,4.3
988254,Dry - mounted,Odonata,Coenagrionidae,Pyrrhosoma ,Pyrrhosoma nymphula,f,4.4,2.8,2.6,23.2,4.1,22.4,4.2,23.2,4.2,22.3,4.3
988242,Dry - mounted,Odonata,Coenagrionidae,Pyrrhosoma ,Pyrrhosoma nymphula,m,4.9,3.1,3,23,4.6,21.4,4.6,23,4.5,32.7,4.4
988255,Dry - mounted,Odonata,Coenagrionidae,Pyrrhosoma ,Pyrrhosoma nymphula,f,4.1,2.3,2.3,22.8,4.1,21.6,3.8,23,4,21.6,3.9
988247,Dry - mounted,Odonata,Coenagrionidae,Pyrrhosoma ,Pyrrhosoma nymphula,m,5,3.1,2.8,22.5,4.5,22,4.5,22.8,4.6,22,4.4
988241,Dry - mounted,Odonata,Coenagrionidae,Pyrrhosoma ,Pyrrhosoma nymphula,m,4.4,2.8,2.8,22.3,4.1,20.9,4.1,22.3,4.3,20.6,4.2
988251,Dry - mounted,Odonata,Coenagrionidae,Pyrrhosoma ,Pyrrhosoma nymphula,f,4.3,2.5,2.3,22.3,3.7,22.2,3.9,23,3.9,22.1,4
988249,Dry - mounted,Odonata,Coenagrionidae,Pyrrhosoma ,Pyrrhosoma nymphula,f,4.2,2.8,2.8,22.2,4.3,20.5,4.4,22,4.4,20.8,4.3
988256,Dry - mounted,Odonata,Coenagrionidae,Pyrrhosoma ,Pyrrhosoma nymphula,f,4.4,2.6,2.3,22.2,4.1,21.1,4.1,22.3,4.1,21.2,3.9
988243,Dry - mounted,Odonata,Coenagrionidae,Pyrrhosoma ,Pyrrhosoma nymphula,m,4.2,2.9,2.8,21.8,4.6,21,4,21.8,4.6,20.8,4.1
989522,Dry - mounted,Odonata,Corduliidae,Somatochlora,Somatochlora arctica,f,12.1,9.9,11.5,38.3,13.1,37.3,15.8,38.2,13.3,37.1,15.8
989516,Dry - mounted,Odonata,Corduliidae,Somatochlora,Somatochlora arctica,m,8.5,5.6,7.8,33.7,8.4,32.6,10.6,33.7,8.4,32.7,10.5
989513,Dry - mounted,Odonata,Corduliidae,Somatochlora,Somatochlora arctica,m,8.9,5.3,7,33.2,8,31.7,9.9,33.4,7.9,32.4,9.7
989517,Dry - mounted,Odonata,Corduliidae,Somatochlora,Somatochlora arctica,m,6.9,4.7,5.8,32.6,8.1,32.2,9.9,32.8,8.1,32.2,10
989514,Dry - mounted,Odonata,Corduliidae,Somatochlora,Somatochlora arctica,m,9,4.7,7.5,32.4,7.4,31.4,9.2,32.5,7.6,31.5,9.3
989515,Dry - mounted,Odonata,Corduliidae,Somatochlora,Somatochlora arctica,m,8.3,4.8,8.5,32.1,7.9,31.3,9.5,31.9,7.8,31.3,9.8
989521,Dry - mounted,Odonata,Corduliidae,Somatochlora,Somatochlora arctica,f,8.3,5.8,6.8,31.7,7.9,31.1,10.5,31.5,8,21.5,10.5
988394,Dry - mounted,Odonata,Corduliidae,Somatochlora,Somatochlora metallica,f,14.4,10.7,13.7,44.3,14.1,43.7,17.1,43.9,14.6,43.5,17.2
988389,Dry - mounted,Odonata,Corduliidae,Somatochlora,Somatochlora metallica,m,14.2,11.3,13.7,43.2,13.5,42.9,16,43.1,13.8,43,16
988390,Dry - mounted,Odonata,Corduliidae,Somatochlora,Somatochlora metallica,m,14.5,10.7,12.9,42,12.8,41.4,14.7,42.3,12.7,41.5,14.9
988391,Dry - mounted,Odonata,Corduliidae,Somatochlora,Somatochlora metallica,m,14.9,11.1,13.1,41.7,13.6,41.7,16,42.3,13.6,41.6,15.7
988392,Dry - mounted,Odonata,Corduliidae,Somatochlora,Somatochlora metallica,m,14.4,11,14.2,41.6,13.4,41.5,16.1,41.6,13.7,41.4,16
988398,Dry - mounted,Odonata,Corduliidae,Somatochlora,Somatochlora metallica,f,10.3,6.7,8.4,39.7,9.3,38.8,12.4,39.4,9.3,38.5,12
988396,Dry - mounted,Odonata,Corduliidae,Somatochlora,Somatochlora metallica,f,9.3,5.9,9,39.4,9.5,39.5,12.1,39.7,9.1,38.9,12.2
988397,Dry - mounted,Odonata,Corduliidae,Somatochlora,Somatochlora metallica,f,10.2,6.7,7.3,38,9,37.1,11.8,37.9,9,37.2,11.3
988388,Dry - mounted,Odonata,Corduliidae,Somatochlora,Somatochlora metallica,m,9.8,6.2,7.8,38,8.8,37.6,11.6,37.4,8.6,37.6,11.3
988385,Dry - mounted,Odonata,Corduliidae,Somatochlora,Somatochlora metallica,m,10,7.1,8.6,37.7,8.5,37.4,10.6,37.7,8.6,37.8,10.5
988387,Dry - mounted,Odonata,Corduliidae,Somatochlora,Somatochlora metallica,m,9.7,5.7,8.3,37.3,8.9,36.8,10.8,37.1,8.6,37.1,10.3
988386,Dry - mounted,Odonata,Corduliidae,Somatochlora,Somatochlora metallica,m,9.9,5.9,7.6,37.3,8.6,37.2,10.8,37.3,8.4,37.3,10.5
988395,Dry - mounted,Odonata,Corduliidae,Somatochlora,Somatochlora metallica,f,9.5,5.7,8.1,37.2,9.1,36.2,11.7,37.5,9.3,36.3,12.1
988393,Dry - mounted,Odonata,Corduliidae,Somatochlora,Somatochlora metallica,f,13.9,11.2,12.7,14.4,4.4,43.7,17.2,44,13.9,43.8,17.1
988295,Dry - mounted,Odonata,Libellulidae,Sympetrum,Sympetrum danae,m,7.3,3.7,5.5,27.6,7.7,25.7,9.1,27.3,7.4,25.4,9.8
988303,Dry - mounted,Odonata,Libellulidae,Sympetrum,Sympetrum danae,f,6.5,3.9,5.5,27.1,7.4,26.5,10,27.3,7.3,26.2,10
988304,Dry - mounted,Odonata,Libellulidae,Sympetrum,Sympetrum danae,f,6.7,3.1,5.3,26.4,7.1,24.8,9.1,26,7,24.6,9.2
988293,Dry - mounted,Odonata,Libellulidae,Sympetrum,Sympetrum danae,m,4.5,3.8,5.3,26,7.2,24.9,8.9,26.1,7,24.4,9.1
988294,Dry - mounted,Odonata,Libellulidae,Sympetrum,Sympetrum danae,m,6.9,3.4,5.2,25.6,7.1,24.7,8.9,25.9,6.9,24.4,8.9
988292,Dry - mounted,Odonata,Libellulidae,Sympetrum,Sympetrum danae,m,7.4,3.9,6.5,25.4,7.1,24.9,10.1,25.6,7.1,35.2,10
988297,Dry - mounted,Odonata,Libellulidae,Sympetrum,Sympetrum danae,f,6.8,4.2,5.1,25.3,6.9,24.8,9.1,25.3,7.2,24.6,8.9
988300,Dry - mounted,Odonata,Libellulidae,Sympetrum,Sympetrum danae,f,6.3,3.7,5.8,25,7.2,25,10.2,25.3,7.4,24.5,9.8
988296,Dry - mounted,Odonata,Libellulidae,Sympetrum,Sympetrum danae,m,6.3,3.6,4.3,25,6.8,24.1,8.9,26,6.1,24.3,8.3
988302,Dry - mounted,Odonata,Libellulidae,Sympetrum,Sympetrum danae,f,7,3.2,6.4,24.6,7,23.5,8.9,24.5,6.6,23.8,8.4
988290,Dry - mounted,Odonata,Libellulidae,Sympetrum,Sympetrum danae,m,7.2,3.8,5.5,24.5,7.4,23.3,9.3,24.6,7.2,23.7,9.2
988298,Dry - mounted,Odonata,Libellulidae,Sympetrum,Sympetrum danae,f,6.2,3.2,4.7,24,6.5,23.3,8.5,24.3,6.7,23.4,8.5
988289,Dry - mounted,Odonata,Libellulidae,Sympetrum,Sympetrum danae,m,6.6,3.5,4.6,23.9,6.6,22.6,8.5,23.7,6.4,22.9,8.4
988291,Dry - mounted,Odonata,Libellulidae,Sympetrum,Sympetrum danae,m,7,3.4,5.7,23.4,6.7,23.2,8.7,23.7,6.8,23.2,8.7
988299,Dry - mounted,Odonata,Libellulidae,Sympetrum,Sympetrum danae,f,5.7,2.9,4.8,22.3,5.8,20.9,7.5,21.9,5.8,20.8,7.7
988301,Dry - mounted,Odonata,Libellulidae,Sympetrum,Sympetrum danae,f,5.6,3.5,5.6,22.1,6.5,21,7.8,21.9,6.3,21.1,8
989591,Dry - mounted,Odonata,Libellulidae,Sympetrum,Sympetrum sanguineum,f,7,4.2,5.4,28.6,7.4,27.8,9.6,28.3,7.6,27.6,9.6
989590,Dry - mounted,Odonata,Libellulidae,Sympetrum,Sympetrum sanguineum,f,7.2,3.1,5.2,28.2,7.3,27.7,9.8,28.2,7.1,27.4,9.3
989584,Dry - mounted,Odonata,Libellulidae,Sympetrum,Sympetrum sanguineum,m,7.4,4.4,6,28.1,7.6,27.8,9,28.6,7.5,27.6,9
989579,Dry - mounted,Odonata,Libellulidae,Sympetrum,Sympetrum sanguineum,m,7.3,4.1,5.5,27.7,7.2,26.8,9.4,27.7,7.1,26.6,9.3
989587,Dry - mounted,Odonata,Libellulidae,Sympetrum,Sympetrum sanguineum,f,6.6,3.9,4.8,27.4,7.1,26.5,9.4,27.5,7,26.6,9
989585,Dry - mounted,Odonata,Libellulidae,Sympetrum,Sympetrum sanguineum,f,6.5,3.7,5,27.4,7,27,8.6,27.6,6.6,26.8,9
989583,Dry - mounted,Odonata,Libellulidae,Sympetrum,Sympetrum sanguineum,m,7,3.9,5.6,27.3,6.3,26.6,8.8,27.4,7.1,26.4,8.9
989577,Dry - mounted,Odonata,Libellulidae,Sympetrum,Sympetrum sanguineum,m,7.8,3.6,7.2,27.2,6.7,26.5,8,27.3,6.5,26,7.7
989592,Dry - mounted,Odonata,Libellulidae,Sympetrum,Sympetrum sanguineum,f,6.5,3.3,5,27.1,7.1,25.4,9,26.7,7.1,25.9,8.8
989578,Dry - mounted,Odonata,Libellulidae,Sympetrum,Sympetrum sanguineum,m,7.4,3.8,6,26.7,6.9,26.6,8.3,26.8,7.1,26.3,8.5
989586,Dry - mounted,Odonata,Libellulidae,Sympetrum,Sympetrum sanguineum,f,6.5,3.6,5.3,26.4,7.1,26.1,9,26.2,7.1,25.5,8.8
989581,Dry - mounted,Odonata,Libellulidae,Sympetrum,Sympetrum sanguineum,m,6.8,3.8,4.4,26.3,6.7,25.2,8.2,26.2,6.5,24.7,8.2
989588,Dry - mounted,Odonata,Libellulidae,Sympetrum,Sympetrum sanguineum,f,6.1,3.4,4.2,26.2,6.8,24.8,8.4,26.2,6.3,25.1,8.5
989589,Dry - mounted,Odonata,Libellulidae,Sympetrum,Sympetrum sanguineum,f,7.1,3.8,4.8,25.9,7.3,24.4,9.3,25.7,7,24.2,9.5
989582,Dry - mounted,Odonata,Libellulidae,Sympetrum,Sympetrum sanguineum,m,6.3,3.6,5.6,25.9,6.9,24.6,8.5,25.6,6.8,24.8,8.4
989580,Dry - mounted,Odonata,Libellulidae,Sympetrum,Sympetrum sanguineum,m,7,4.2,5.3,25.9,6.6,25.7,8.9,26.3,6.8,25.7,8.7
988286,Dry - mounted,Odonata,Libellulidae,Sympetrum,Sympetrum striolatum,f,8,4.4,6.7,32.1,7.8,31.1,10.9,32,7.8,31.1,10.7
988288,Dry - mounted,Odonata,Libellulidae,Sympetrum,Sympetrum striolatum,f,8.3,4.6,6.7,32,8.2,30.5,10.4,32,7.9,30.5,10.4
988282,Dry - mounted,Odonata,Libellulidae,Sympetrum,Sympetrum striolatum,f,8.8,4.8,6.9,31.8,7.9,29.9,10.1,31.5,7.8,29.9,9.9
988274,Dry - mounted,Odonata,Libellulidae,Sympetrum,Sympetrum striolatum,m,9.9,5,5.9,31.5,7.8,30.3,10.5,31.9,7.8,30.2,10.5
988281,Dry - mounted,Odonata,Libellulidae,Sympetrum,Sympetrum striolatum,f,8.5,4.5,7.1,31.3,7.9,30.3,10.2,31.5,7.8,29.9,10.2
988273,Dry - mounted,Odonata,Libellulidae,Sympetrum,Sympetrum striolatum,m,9.5,4.9,7.3,30.9,7.8,29.6,10.1,31,7.8,29.6,9.9
988275,Dry - mounted,Odonata,Libellulidae,Sympetrum,Sympetrum striolatum,m,9.7,4.7,6.5,30.7,7.6,29.4,9.7,30.6,7.8,29.4,9.7
988287,Dry - mounted,Odonata,Libellulidae,Sympetrum,Sympetrum striolatum,f,8.2,4.5,6,30.2,7.7,29.2,10,30.2,7.7,29.2,10
988283,Dry - mounted,Odonata,Libellulidae,Sympetrum,Sympetrum striolatum,f,8.8,4.6,6.3,30.1,7.8,29.7,10,30.8,7.8,29.7,9.9
988285,Dry - mounted,Odonata,Libellulidae,Sympetrum,Sympetrum striolatum,f,8.4,4.6,6.6,30.1,7.8,29.5,9.8,30.7,7.9,29.5,10.2
988284,Dry - mounted,Odonata,Libellulidae,Sympetrum,Sympetrum striolatum,f,8.4,5.3,6.5,30,7.7,29.3,9.9,29.8,7.8,29,9.4
988277,Dry - mounted,Odonata,Libellulidae,Sympetrum,Sympetrum striolatum,m,9.1,4.6,6.6,29.7,7.8,28.7,9.4,29.4,7.6,28.6,9.6
988276,Dry - mounted,Odonata,Libellulidae,Sympetrum,Sympetrum striolatum,m,8.6,4.9,5.9,29.7,7.3,28.6,9,30,7.4,28.9,9.1
988280,Dry - mounted,Odonata,Libellulidae,Sympetrum,Sympetrum striolatum,m,8.3,4.8,6.2,28.9,7.1,27.6,9.1,28.8,7.3,27.5,9
988278,Dry - mounted,Odonata,Libellulidae,Sympetrum,Sympetrum striolatum,m,8.2,4.2,6.9,28.7,7.3,27.3,8.9,28.4,7.3,27.4,8.9
988279,Dry - mounted,Odonata,Libellulidae,Sympetrum,Sympetrum striolatum,m,8.7,4.9,6.2,28.7,7.1,27.7,9.5,28.8,7.1,27.6,9.4
